ID,A,B,NEITHER
development-1,0.25189355,0.68004894,0.06805756
development-2,0.80864495,0.14555071,0.04580427
development-3,0.37813365,0.4288615,0.19300486
development-4,0.2152141,0.49880895,0.28597686
development-5,0.09350862,0.7777062,0.1287852
development-6,0.8270057,0.15070453,0.02228974
development-7,0.82596606,0.10271258,0.07132135
development-8,0.48721355,0.4623235,0.050462972
development-9,0.025572838,0.93808043,0.036346797
development-10,0.47458404,0.49417233,0.031243615
development-11,0.27759403,0.58899677,0.13340919
development-12,0.94791865,0.011775804,0.04030558
development-13,0.6740427,0.2933136,0.032643717
development-14,0.63942945,0.30086294,0.05970762
development-15,0.25216398,0.7157866,0.03204943
development-16,0.03501943,0.5197123,0.4452682
development-17,0.19014513,0.7927233,0.01713165
development-18,0.3640199,0.57828563,0.057694525
development-19,0.28758353,0.61398506,0.0984315
development-20,0.34802476,0.58793104,0.06404415
development-21,0.045108218,0.93617654,0.018715272
development-22,0.9139544,0.05369294,0.03235272
development-23,0.72812897,0.22853301,0.043337982
development-24,0.08810019,0.8840229,0.027876934
development-25,0.70361644,0.2583976,0.03798602
development-26,0.25358242,0.73604757,0.010370004
development-27,0.45547774,0.5068233,0.037698954
development-28,0.5869332,0.39809793,0.014968861
development-29,0.569274,0.38623935,0.044486653
development-30,0.69275105,0.2761888,0.03106017
development-31,0.60204196,0.38848186,0.00947626
development-32,0.2155073,0.62168163,0.16281113
development-33,0.48919794,0.49762,0.01318208
development-34,0.09544792,0.7055701,0.198982
development-35,0.692943,0.25754112,0.04951586
development-36,0.7766013,0.20663811,0.016760595
development-37,0.040746424,0.921427,0.037826505
development-38,0.5825341,0.37436184,0.04310406
development-39,0.92603576,0.061485834,0.012478368
development-40,0.9616397,0.031453412,0.0069069187
development-41,0.49847913,0.3022164,0.1993044
development-42,0.73718244,0.17993191,0.08288572
development-43,0.022570062,0.9553044,0.022125466
development-44,0.42422903,0.39120215,0.18456882
development-45,0.29327923,0.5666512,0.14006951
development-46,0.25295097,0.14508797,0.601961
development-47,0.48934647,0.3338973,0.1767562
development-48,0.53224695,0.40813032,0.059622757
development-49,0.44073355,0.3195467,0.23971969
development-50,0.30394238,0.47753102,0.2185266
development-51,0.059447177,0.86322355,0.077329285
development-52,0.22082858,0.74455345,0.034618
development-53,0.049701154,0.92537594,0.024922894
development-54,0.3463644,0.514781,0.13885456
development-55,0.05353194,0.9186133,0.027854696
development-56,0.6520016,0.28154278,0.066455565
development-57,0.4062197,0.5630812,0.030699117
development-58,0.3275069,0.6144333,0.05805991
development-59,0.66048527,0.2929653,0.046549458
development-60,0.9167586,0.044846136,0.038395304
development-61,0.12930632,0.81546116,0.05523248
development-62,0.44264743,0.32777655,0.22957605
development-63,0.4960923,0.45214713,0.051760647
development-64,0.17671824,0.7992932,0.023988465
development-65,0.13208625,0.6390524,0.22886142
development-66,0.12840718,0.60545766,0.26613513
development-67,0.82355064,0.15042265,0.02602662
development-68,0.58604586,0.23343931,0.18051475
development-69,0.48507085,0.42799005,0.086939104
development-70,0.7834885,0.17798539,0.03852609
development-71,0.72155786,0.27091968,0.0075224377
development-72,0.86024874,0.1095298,0.030221498
development-73,0.041961674,0.9225457,0.03549272
development-74,0.828456,0.16206022,0.009483839
development-75,0.6259687,0.32650733,0.047523916
development-76,0.7805008,0.08448365,0.13501555
development-77,0.78033155,0.1752812,0.044387173
development-78,0.1724022,0.61821073,0.20938714
development-79,0.84000105,0.13217555,0.027823512
development-80,0.120788984,0.84376085,0.03545013
development-81,0.642703,0.21924618,0.13805078
development-82,0.53108895,0.44484985,0.024061259
development-83,0.5635289,0.3998565,0.03661457
development-84,0.23163356,0.5420829,0.22628357
development-85,0.2805036,0.50224245,0.21725392
development-86,0.9553479,0.03017596,0.014476098
development-87,0.038353235,0.9102377,0.051409084
development-88,0.3033495,0.53186333,0.1647872
development-89,0.40191144,0.281186,0.31690252
development-90,0.3851274,0.60017145,0.014701183
development-91,0.045089368,0.88682234,0.068088256
development-92,0.45569953,0.4251724,0.11912816
development-93,0.28119442,0.71335226,0.005453315
development-94,0.94151896,0.027016534,0.031464543
development-95,0.39076036,0.53237665,0.07686293
development-96,0.29527473,0.6744413,0.030284097
development-97,0.71414757,0.22680536,0.059047084
development-98,0.30517346,0.46548682,0.22933975
development-99,0.33711252,0.5893586,0.07352892
development-100,0.46714932,0.35537174,0.17747897
development-101,0.77787524,0.1596637,0.062461037
development-102,0.8351156,0.14587426,0.01901016
development-103,0.08627713,0.88697577,0.02674713
development-104,0.887778,0.021488557,0.09073345
development-105,0.6969617,0.23428442,0.06875384
development-106,0.6170277,0.3255636,0.057408776
development-107,0.84172654,0.12836061,0.029912857
development-108,0.33629027,0.529153,0.13455671
development-109,0.8502197,0.124691464,0.025088737
development-110,0.20625013,0.56079125,0.23295861
development-111,0.9665231,0.023240345,0.010236428
development-112,0.9086378,0.062687084,0.028675053
development-113,0.12618408,0.67524403,0.19857189
development-114,0.014264214,0.9303401,0.055395674
development-115,0.20304404,0.36261296,0.43434295
development-116,0.095699824,0.6210038,0.28329632
development-117,0.6465452,0.26738036,0.08607441
development-118,0.8916694,0.081383064,0.026947502
development-119,0.545087,0.3849449,0.069968164
development-120,0.7938203,0.17000973,0.03616999
development-121,0.52188075,0.28345755,0.1946618
development-122,0.44119078,0.22640385,0.3324054
development-123,0.46834344,0.38540187,0.14625476
development-124,0.719214,0.19848022,0.08230581
development-125,0.27926496,0.5545463,0.16618876
development-126,0.045838173,0.85870224,0.09545964
development-127,0.079794295,0.796353,0.12385269
development-128,0.81302553,0.17010917,0.01686527
development-129,0.79122066,0.19037697,0.018402405
development-130,0.60787827,0.36114737,0.030974431
development-131,0.4251811,0.5603074,0.014511516
development-132,0.7877134,0.15028495,0.06200161
development-133,0.9771138,0.015624264,0.0072618984
development-134,0.42069486,0.51690143,0.062403705
development-135,0.15419751,0.7861715,0.059630994
development-136,0.7602721,0.1271086,0.11261931
development-137,0.34151086,0.59687215,0.06161693
development-138,0.66143584,0.3108487,0.02771542
development-139,0.43772972,0.45187736,0.11039298
development-140,0.20623897,0.48612478,0.30763623
development-141,0.8112047,0.14437006,0.044425324
development-142,0.6826249,0.21697834,0.10039677
development-143,0.9439207,0.039225053,0.016854348
development-144,0.2249201,0.6738638,0.10121613
development-145,0.40520382,0.49672228,0.09807399
development-146,0.7470265,0.13912483,0.11384861
development-147,0.06919706,0.8546685,0.07613448
development-148,0.5725204,0.30650187,0.120977804
development-149,0.6235906,0.34231794,0.034091443
development-150,0.6410439,0.3131133,0.045842767
development-151,0.8234787,0.12075103,0.055770233
development-152,0.01534173,0.9612923,0.023365865
development-153,0.883094,0.089838594,0.027067326
development-154,0.02474899,0.94056904,0.034681946
development-155,0.0766357,0.28551877,0.6378456
development-156,0.4825097,0.21158764,0.30590266
development-157,0.22133237,0.62250006,0.15616754
development-158,0.90301955,0.08841755,0.008562926
development-159,0.8909289,0.08993942,0.019131677
development-160,0.42267144,0.15838853,0.41894004
development-161,0.18740223,0.68215,0.13044775
development-162,0.10256344,0.86465955,0.03277697
development-163,0.627711,0.3456554,0.026633618
development-164,0.4961832,0.36388263,0.13993415
development-165,0.29312274,0.4554291,0.25144812
development-166,0.3615837,0.3920087,0.2464076
development-167,0.88958967,0.079588145,0.030822238
development-168,0.24234712,0.72613615,0.031516753
development-169,0.016273038,0.9747732,0.008953723
development-170,0.8554516,0.06707998,0.077468455
development-171,0.55549484,0.33966148,0.10484373
development-172,0.7342915,0.21744196,0.048266564
development-173,0.67931944,0.28639737,0.034283187
development-174,0.71686107,0.25126147,0.031877484
development-175,0.88967407,0.09253866,0.0177872
development-176,0.19404708,0.755489,0.050463937
development-177,0.11228968,0.8262076,0.061502673
development-178,0.5715562,0.36655283,0.061890878
development-179,0.2339106,0.1544493,0.61164004
development-180,0.7880659,0.13362435,0.078309745
development-181,0.38151294,0.030458083,0.588029
development-182,0.9551183,0.0310342,0.013847568
development-183,0.2616582,0.28565067,0.4526911
development-184,0.40097225,0.5699324,0.029095283
development-185,0.8187397,0.13829906,0.042961203
development-186,0.9484766,0.03664092,0.014882491
development-187,0.10298746,0.8082927,0.08871988
development-188,0.12783502,0.8125878,0.05957724
development-189,0.3295495,0.6338978,0.03655277
development-190,0.50229686,0.48204708,0.015656134
development-191,0.71583277,0.20307817,0.08108907
development-192,0.69266427,0.2703824,0.03695335
development-193,0.08587972,0.88022727,0.033893004
development-194,0.30349746,0.41354173,0.28296077
development-195,0.46741337,0.47771895,0.05486766
development-196,0.6366987,0.22458743,0.13871385
development-197,0.50183666,0.46896487,0.029198427
development-198,0.35349885,0.49581876,0.1506824
development-199,0.58841336,0.36859667,0.042989913
development-200,0.6041774,0.3370725,0.058750033
development-201,0.25447,0.25737324,0.4881567
development-202,0.20398597,0.77793026,0.018083742
development-203,0.88630486,0.051087853,0.06260731
development-204,0.3446041,0.6482472,0.0071487287
development-205,0.04317306,0.9005649,0.056262042
development-206,0.89143115,0.09216089,0.016407948
development-207,0.058931183,0.91091967,0.030149192
development-208,0.50364554,0.30997115,0.1863834
development-209,0.81741893,0.12288878,0.059692338
development-210,0.029615978,0.9441664,0.02621758
development-211,0.0056948992,0.9869767,0.007328393
development-212,0.7227235,0.25951073,0.017765738
development-213,0.11250328,0.7995915,0.08790525
development-214,0.8370476,0.15043743,0.0125150075
development-215,0.29037854,0.6998966,0.009724897
development-216,0.3101747,0.6781898,0.011635507
development-217,0.82457656,0.06701293,0.10841053
development-218,0.120442756,0.4494944,0.43006295
development-219,0.6812492,0.16992188,0.14882894
development-220,0.035946578,0.9303107,0.03374272
development-221,0.110742375,0.804195,0.08506254
development-222,0.8272408,0.15918219,0.01357703
development-223,0.7782006,0.17959964,0.04219976
development-224,0.1734917,0.25852975,0.56797856
development-225,0.79098314,0.15508352,0.05393333
development-226,0.9309131,0.05492123,0.014165667
development-227,0.4783696,0.23436794,0.2872625
development-228,0.33736312,0.46675947,0.19587739
development-229,0.37060648,0.48239768,0.14699581
development-230,0.095177665,0.07973115,0.8250912
development-231,0.04799134,0.9065409,0.045467857
development-232,0.12627633,0.21183205,0.66189164
development-233,0.6661535,0.22361872,0.11022776
development-234,0.42881045,0.08752423,0.48366544
development-235,0.41205195,0.4201566,0.16779149
development-236,0.2994065,0.62830114,0.072292365
development-237,0.17797557,0.7989291,0.023095263
development-238,0.21587549,0.73406166,0.05006283
development-239,0.94986886,0.014529686,0.035601508
development-240,0.25307336,0.10447819,0.64244837
development-241,0.10943456,0.8808298,0.0097356625
development-242,0.8226604,0.1570043,0.020335365
development-243,0.04415154,0.9485621,0.0072863456
development-244,0.91757816,0.06683615,0.015585659
development-245,0.20108308,0.53638023,0.26253667
development-246,0.49798074,0.4796206,0.022398712
development-247,0.11473186,0.3300934,0.5551747
development-248,0.12441353,0.8297128,0.045873743
development-249,0.45900884,0.5227267,0.018264469
development-250,0.34626272,0.6165612,0.037176125
development-251,0.08481338,0.8219742,0.09321232
development-252,0.69958377,0.2778368,0.02257949
development-253,0.8624362,0.11866052,0.018903356
development-254,0.4526508,0.5320364,0.015312835
development-255,0.082270935,0.3503306,0.5673984
development-256,0.765044,0.21613091,0.018825052
development-257,0.23365802,0.24190377,0.5244382
development-258,0.0930672,0.80975443,0.09717831
development-259,0.45379737,0.3666285,0.1795741
development-260,0.6804143,0.3012807,0.018304927
development-261,0.61600274,0.35493857,0.02905862
development-262,0.04417349,0.9160667,0.039759774
development-263,0.44516623,0.53245705,0.022376716
development-264,0.521119,0.35843608,0.12044492
development-265,0.2869704,0.6982625,0.014767055
development-266,0.7708845,0.11000997,0.1191055
development-267,0.28479576,0.27537706,0.4398272
development-268,0.21384285,0.7101468,0.076010436
development-269,0.27340406,0.66294163,0.06365432
development-270,0.17330468,0.80918473,0.017510485
development-271,0.8068471,0.0984501,0.0947027
development-272,0.31224123,0.6722808,0.015478041
development-273,0.20889,0.7042658,0.086844206
development-274,0.6069847,0.291572,0.1014433
development-275,0.28551316,0.6381707,0.076316126
development-276,0.11008286,0.85661477,0.033302456
development-277,0.53380835,0.41828853,0.047903124
development-278,0.86958164,0.09058334,0.039835047
development-279,0.046965305,0.8921076,0.06092714
development-280,0.50612515,0.18366742,0.3102075
development-281,0.023100853,0.94431174,0.03258744
development-282,0.102497384,0.811785,0.0857176
development-283,0.42170167,0.56854475,0.009753568
development-284,0.029124988,0.9647043,0.006170819
development-285,0.45977905,0.49251524,0.047705676
development-286,0.6912746,0.28278777,0.025937615
development-287,0.8082882,0.16352938,0.028182462
development-288,0.1337108,0.7698846,0.0964045
development-289,0.8287554,0.1517709,0.01947375
development-290,0.24739668,0.71652615,0.036077265
development-291,0.56066966,0.29392877,0.14540155
development-292,0.6508913,0.31819746,0.030911217
development-293,0.093387656,0.89262694,0.0139854355
development-294,0.9169773,0.068778686,0.014244064
development-295,0.08176795,0.8796925,0.038539592
development-296,0.838497,0.10867977,0.052823257
development-297,0.9255127,0.03872716,0.03576018
development-298,0.30169785,0.6876628,0.010639354
development-299,0.9451626,0.038586304,0.016251156
development-300,0.8633081,0.12274327,0.013948653
development-301,0.18800241,0.7123207,0.09967691
development-302,0.3768838,0.59785336,0.025262786
development-303,0.24934179,0.7356776,0.014980613
development-304,0.7031155,0.2805991,0.016285468
development-305,0.060012773,0.82475597,0.11523126
development-306,0.032321904,0.93907315,0.028604968
development-307,0.72728574,0.26350445,0.00920986
development-308,0.5698198,0.19987936,0.23030083
development-309,0.024207946,0.95904297,0.016749159
development-310,0.45496336,0.5287966,0.016240088
development-311,0.92254436,0.036460463,0.040995173
development-312,0.7474145,0.22415487,0.028430607
development-313,0.41270432,0.39044592,0.19684975
development-314,0.9321787,0.044504784,0.02331655
development-315,0.9732785,0.018140929,0.008580491
development-316,0.83362895,0.14979059,0.016580453
development-317,0.47121638,0.48110074,0.047682896
development-318,0.94439423,0.044747714,0.010858006
development-319,0.91123265,0.06425471,0.024512593
development-320,0.6260296,0.31332764,0.06064268
development-321,0.86320853,0.08732717,0.049464326
development-322,0.060103104,0.9145849,0.025312062
development-323,0.8292156,0.112291515,0.058492813
development-324,0.7667135,0.19615088,0.037135594
development-325,0.19291282,0.7927467,0.014340407
development-326,0.4061449,0.51613057,0.07772454
development-327,0.94955164,0.036560796,0.013887605
development-328,0.39638335,0.5357027,0.0679139
development-329,0.11523629,0.8444129,0.040350854
development-330,0.95037055,0.03480109,0.014828312
development-331,0.31270877,0.6435802,0.043711133
development-332,0.022502854,0.9523396,0.025157463
development-333,0.6258375,0.25079593,0.12336666
development-334,0.7482184,0.2303087,0.021472864
development-335,0.78989685,0.08129251,0.12881072
development-336,0.35436484,0.21410152,0.43153363
development-337,0.102405645,0.8095208,0.088073604
development-338,0.9275035,0.06308622,0.009410267
development-339,0.73980063,0.2442524,0.01594702
development-340,0.1609095,0.7921894,0.046901092
development-341,0.42407504,0.31840712,0.25751778
development-342,0.0690171,0.898251,0.03273194
development-343,0.9251401,0.0649907,0.009869171
development-344,0.044961635,0.94683826,0.00820014
development-345,0.31405625,0.6711232,0.014820505
development-346,0.4489465,0.49426726,0.056786276
development-347,0.8143549,0.12534033,0.060304746
development-348,0.20252742,0.72601706,0.0714555
development-349,0.7174957,0.17184582,0.11065846
development-350,0.2547611,0.6053598,0.13987917
development-351,0.13211739,0.6079107,0.259972
development-352,0.8644546,0.09903594,0.036509424
development-353,0.15105663,0.42057166,0.42837173
development-354,0.11859004,0.84319717,0.038212687
development-355,0.40484524,0.56690526,0.0282495
development-356,0.06202627,0.90192074,0.03605288
development-357,0.7729578,0.20261395,0.024428273
development-358,0.6746625,0.2671125,0.05822504
development-359,0.56576455,0.3991728,0.035062555
development-360,0.8786495,0.0991465,0.022203956
development-361,0.69366646,0.24424733,0.062086146
development-362,0.6860441,0.29659867,0.017357245
development-363,0.22051695,0.7688981,0.010584874
development-364,0.94656587,0.043099683,0.0103343595
development-365,0.8985879,0.06993294,0.03147912
development-366,0.45355296,0.36496127,0.1814858
development-367,0.43992049,0.54211307,0.017966423
development-368,0.9521259,0.027825667,0.020048475
development-369,0.1256628,0.83645123,0.037886005
development-370,0.3331166,0.51650506,0.15037839
development-371,0.75164443,0.22808775,0.020267852
development-372,0.252942,0.15354383,0.59351426
development-373,0.7516207,0.21848623,0.029893078
development-374,0.030731196,0.94525415,0.024014678
development-375,0.45372766,0.39891785,0.1473545
development-376,0.40887904,0.54746985,0.043651126
development-377,0.44676033,0.35317203,0.20006768
development-378,0.10416807,0.84315497,0.052676834
development-379,0.72525084,0.25247353,0.02227563
development-380,0.6666634,0.32684696,0.0064896527
development-381,0.5944509,0.31803688,0.08751223
development-382,0.24394608,0.7384247,0.017629184
development-383,0.95601577,0.03308592,0.010898366
development-384,0.6287381,0.3499904,0.021271512
development-385,0.7371691,0.23518021,0.027650675
development-386,0.53888273,0.31258896,0.14852834
development-387,0.76444405,0.14417908,0.09137678
development-388,0.31393248,0.66306627,0.02300122
development-389,0.94466954,0.04045929,0.014871107
development-390,0.6965804,0.2735688,0.029850733
development-391,0.8418081,0.13603976,0.022152133
development-392,0.8821611,0.073091485,0.044747505
development-393,0.10957106,0.7179871,0.17244184
development-394,0.61519605,0.36887336,0.015930574
development-395,0.4939665,0.1799942,0.32603934
development-396,0.17857327,0.7367244,0.08470237
development-397,0.4762406,0.50331,0.020449398
development-398,0.36746088,0.5839037,0.048635438
development-399,0.65995896,0.27939132,0.06064978
development-400,0.19293807,0.6248548,0.1822071
development-401,0.5735027,0.4044233,0.022073934
development-402,0.064987995,0.9077556,0.027256291
development-403,0.088364914,0.8425889,0.06904618
development-404,0.9422127,0.04632582,0.011461517
development-405,0.13975507,0.2719634,0.58828145
development-406,0.2880553,0.6178446,0.09410014
development-407,0.3010749,0.33356467,0.36536038
development-408,0.24631691,0.7084612,0.04522183
development-409,0.5496227,0.32951006,0.12086724
development-410,0.8810373,0.10419426,0.014768534
development-411,0.94117445,0.04843494,0.010390684
development-412,0.94680595,0.023327302,0.029866647
development-413,0.54152614,0.44631597,0.012157859
development-414,0.951676,0.028440287,0.019883707
development-415,0.08631663,0.877817,0.035866402
development-416,0.039230775,0.9324105,0.028358774
development-417,0.95119965,0.037022047,0.011778249
development-418,0.6425448,0.30751917,0.049936008
development-419,0.52993125,0.4589225,0.011146231
development-420,0.91032565,0.06520406,0.024470327
development-421,0.30082613,0.67847824,0.02069564
development-422,0.8976581,0.075999565,0.026342386
development-423,0.54984444,0.42030013,0.029855475
development-424,0.6528439,0.3292579,0.017898211
development-425,0.82249093,0.10225644,0.07525268
development-426,0.17717533,0.75889987,0.06392479
development-427,0.3525531,0.16170006,0.48574677
development-428,0.87366325,0.11077825,0.015558431
development-429,0.03605285,0.890632,0.073315166
development-430,0.64319885,0.30997217,0.046829
development-431,0.045247354,0.041943032,0.9128096
development-432,0.15177532,0.7543488,0.09387579
development-433,0.7687259,0.18293695,0.04833725
development-434,0.78117216,0.20485482,0.013972978
development-435,0.07926562,0.87435305,0.04638129
development-436,0.2999367,0.67835104,0.021712195
development-437,0.9269009,0.052365668,0.020733468
development-438,0.725818,0.2623478,0.011834277
development-439,0.5647122,0.2735032,0.16178462
development-440,0.12154435,0.8334878,0.044967785
development-441,0.6340903,0.19259447,0.1733153
development-442,0.20100054,0.56950885,0.22949062
development-443,0.39867267,0.43719453,0.16413273
development-444,0.10662621,0.66486806,0.22850578
development-445,0.3969417,0.50035846,0.10269984
development-446,0.4302995,0.553104,0.01659645
development-447,0.8791025,0.08462054,0.03627691
development-448,0.04879829,0.92493904,0.026262697
development-449,0.6149001,0.34686834,0.03823159
development-450,0.33806685,0.6036282,0.058304925
development-451,0.15880789,0.5974828,0.24370934
development-452,0.81525654,0.1579856,0.026757825
development-453,0.77515435,0.13164148,0.093204126
development-454,0.7054525,0.20669541,0.08785205
development-455,0.350962,0.46960393,0.1794341
development-456,0.37604174,0.3217757,0.30218264
development-457,0.08990023,0.7726172,0.1374826
development-458,0.20322813,0.58571887,0.21105309
development-459,0.065418735,0.88945496,0.045126244
development-460,0.8729706,0.10486434,0.022165095
development-461,0.19850165,0.7559481,0.045550227
development-462,0.3403671,0.6206418,0.03899106
development-463,0.4073373,0.43110675,0.16155595
development-464,0.30356055,0.635537,0.060902406
development-465,0.4898713,0.33798957,0.17213914
development-466,0.76677704,0.1822457,0.050977312
development-467,0.51559114,0.27328756,0.2111213
development-468,0.6837894,0.24576497,0.070445545
development-469,0.9092115,0.06721435,0.023574157
development-470,0.19632383,0.7275,0.07617604
development-471,0.8064504,0.0981414,0.095408164
development-472,0.86070764,0.12278624,0.016506203
development-473,0.013100798,0.9732902,0.01360908
development-474,0.45962286,0.44564366,0.09473344
development-475,0.44951937,0.52122945,0.029251235
development-476,0.35976636,0.53496647,0.10526715
development-477,0.21458021,0.7443197,0.04110008
development-478,0.146164,0.83840925,0.0154267615
development-479,0.13742803,0.7729709,0.0896011
development-480,0.5613105,0.37940785,0.059281625
development-481,0.40520048,0.5090094,0.085790105
development-482,0.6258151,0.34215292,0.03203194
development-483,0.77394307,0.18459728,0.041459583
development-484,0.9176649,0.068765044,0.01357006
development-485,0.54796666,0.33141604,0.120617256
development-486,0.9051136,0.07328888,0.02159752
development-487,0.13611937,0.19799444,0.6658862
development-488,0.7012647,0.25237578,0.046359494
development-489,0.8547879,0.1180896,0.027122429
development-490,0.06971154,0.8825452,0.047743164
development-491,0.38010818,0.6073436,0.012548262
development-492,0.83214855,0.10321204,0.064639375
development-493,0.45949915,0.4885597,0.051941205
development-494,0.40882856,0.5552273,0.035944168
development-495,0.03205791,0.90450704,0.06343507
development-496,0.12610874,0.82438654,0.04950472
development-497,0.17233455,0.8052407,0.022424718
development-498,0.12600042,0.8078382,0.06616137
development-499,0.025022075,0.9494597,0.025518175
development-500,0.46339777,0.37479597,0.1618062
development-501,0.04752191,0.026528195,0.92594993
development-502,0.7346155,0.2397513,0.025633233
development-503,0.8933416,0.07440783,0.03225067
development-504,0.6738487,0.29453632,0.031615037
development-505,0.25784576,0.14576493,0.5963893
development-506,0.7300526,0.22280672,0.047140647
development-507,0.054871045,0.9213056,0.02382335
development-508,0.34072646,0.54745215,0.11182141
development-509,0.09649642,0.8513481,0.052155543
development-510,0.3629081,0.25566855,0.38142335
development-511,0.78013206,0.20688704,0.012980847
development-512,0.70036376,0.25425994,0.04537631
development-513,0.7666153,0.20942132,0.02396341
development-514,0.32047066,0.38478854,0.2947408
development-515,0.9494715,0.028726669,0.021801863
development-516,0.031816922,0.94258875,0.025594363
development-517,0.13627352,0.8516946,0.012031946
development-518,0.24098256,0.6699778,0.08903976
development-519,0.59282094,0.388155,0.019024104
development-520,0.2967569,0.6929561,0.010287007
development-521,0.83777875,0.07195503,0.09026619
development-522,0.87964576,0.076029375,0.044324815
development-523,0.33821622,0.2925439,0.36923984
development-524,0.13089897,0.827013,0.042088065
development-525,0.094993584,0.7518629,0.1531435
development-526,0.9413888,0.04225816,0.016353065
development-527,0.10887557,0.8563527,0.03477172
development-528,0.20123012,0.6478561,0.15091377
development-529,0.71377975,0.065993875,0.2202264
development-530,0.79749954,0.04188813,0.16061234
development-531,0.014294538,0.8889769,0.09672858
development-532,0.12087166,0.54730654,0.33182177
development-533,0.1928229,0.5502372,0.25693995
development-534,0.53571177,0.45064387,0.013644309
development-535,0.5561813,0.17162809,0.2721906
development-536,0.13909215,0.43604434,0.42486355
development-537,0.026811564,0.9473705,0.025817968
development-538,0.8872407,0.07625427,0.036505032
development-539,0.03917637,0.92251575,0.038307894
development-540,0.033444233,0.941954,0.02460179
development-541,0.3616082,0.26404038,0.37435138
development-542,0.6323178,0.23961483,0.12806743
development-543,0.40770397,0.2806759,0.31162012
development-544,0.3553514,0.5235818,0.12106684
development-545,0.27260903,0.71823686,0.0091541
development-546,0.8726438,0.054730266,0.07262592
development-547,0.12295851,0.8207423,0.05629913
development-548,0.7677057,0.22024438,0.012049978
development-549,0.051496584,0.91530424,0.033199158
development-550,0.94582796,0.017999677,0.03617238
development-551,0.22547784,0.7134394,0.061082747
development-552,0.8684423,0.10841453,0.023143215
development-553,0.7673495,0.15336156,0.07928893
development-554,0.78760374,0.16660005,0.04579624
development-555,0.6495002,0.31281695,0.037682842
development-556,0.672403,0.14714967,0.1804474
development-557,0.81736845,0.16709384,0.015537772
development-558,0.16349159,0.7940047,0.042503737
development-559,0.016319312,0.96514237,0.01853826
development-560,0.8230592,0.07826206,0.098678716
development-561,0.27423057,0.6326825,0.09308697
development-562,0.8715561,0.11333456,0.015109315
development-563,0.42896476,0.54508865,0.025946608
development-564,0.2380784,0.6703883,0.09153335
development-565,0.40787745,0.30175516,0.29036736
development-566,0.33383736,0.63758457,0.028578017
development-567,0.02921963,0.94211096,0.028669422
development-568,0.018522682,0.9318392,0.04963804
development-569,0.14281616,0.76711935,0.09006454
development-570,0.9072404,0.07760952,0.015150032
development-571,0.11422333,0.8392214,0.04655533
development-572,0.033780176,0.9297331,0.036486723
development-573,0.5333033,0.44383794,0.022858704
development-574,0.05729866,0.9042959,0.038405403
development-575,0.15970144,0.8234128,0.01688581
development-576,0.06346311,0.91660315,0.019933831
development-577,0.1726976,0.77155477,0.055747587
development-578,0.3331588,0.6542837,0.012557502
development-579,0.0715254,0.91215175,0.016322793
development-580,0.6195379,0.30150387,0.07895828
development-581,0.3663587,0.3501612,0.2834801
development-582,0.15579252,0.42842343,0.41578406
development-583,0.5898009,0.2077414,0.20245768
development-584,0.94831216,0.026429893,0.025258001
development-585,0.48790056,0.45855778,0.053541627
development-586,0.54488426,0.4057458,0.049369935
development-587,0.70368296,0.23590346,0.060413647
development-588,0.9531819,0.034273893,0.012544255
development-589,0.90359974,0.056105662,0.040294673
development-590,0.70019823,0.22645412,0.073347606
development-591,0.91424733,0.060091827,0.025660831
development-592,0.04255604,0.9024184,0.05502555
development-593,0.11001466,0.88387465,0.0061106696
development-594,0.5153591,0.44757038,0.03707051
development-595,0.2949379,0.6031125,0.10194952
development-596,0.10450187,0.8369152,0.05858289
development-597,0.15827782,0.7679107,0.07381151
development-598,0.86870056,0.11849344,0.0128060095
development-599,0.53063434,0.35710728,0.11225845
development-600,0.89017713,0.085348636,0.024474291
development-601,0.8663146,0.10797542,0.025710037
development-602,0.5938694,0.3291708,0.07695987
development-603,0.30763587,0.5878065,0.10455765
development-604,0.47778127,0.5011153,0.021103418
development-605,0.11913781,0.50908345,0.3717787
development-606,0.009576849,0.95716405,0.033259016
development-607,0.47422555,0.5161735,0.009600912
development-608,0.11367805,0.63590896,0.25041303
development-609,0.45602232,0.44473875,0.09923902
development-610,0.9658372,0.026324978,0.00783779
development-611,0.852551,0.097727366,0.049721673
development-612,0.876419,0.09571279,0.027868161
development-613,0.7759071,0.13993514,0.084157676
development-614,0.95416594,0.03039906,0.015435024
development-615,0.17393884,0.74788845,0.07817267
development-616,0.10212615,0.88234913,0.015524694
development-617,0.57126015,0.41315958,0.0155803
development-618,0.6534891,0.3316667,0.014844158
development-619,0.13085267,0.3651893,0.503958
development-620,0.18535316,0.7970894,0.017557448
development-621,0.3932839,0.5680482,0.03866788
development-622,0.18872754,0.8074794,0.0037930654
development-623,0.96028006,0.03377843,0.005941597
development-624,0.06612992,0.85222185,0.08164826
development-625,0.3314761,0.14417242,0.5243514
development-626,0.1574817,0.8150946,0.027423697
development-627,0.08760945,0.87945193,0.032938633
development-628,0.7883915,0.18947773,0.02213091
development-629,0.6636286,0.2865313,0.04984004
development-630,0.21635845,0.7627243,0.020917218
development-631,0.8886011,0.0916555,0.019743403
development-632,0.4152763,0.54036665,0.04435697
development-633,0.5775196,0.20825264,0.21422787
development-634,0.233718,0.53629154,0.2299905
development-635,0.8164148,0.17005011,0.013535063
development-636,0.18833637,0.62980187,0.18186176
development-637,0.60902125,0.34144738,0.049531356
development-638,0.63112044,0.3601661,0.008713466
development-639,0.84749216,0.082535945,0.06997182
development-640,0.93968266,0.043300964,0.017016493
development-641,0.11323891,0.82100445,0.06575661
development-642,0.40593958,0.55603474,0.038025707
development-643,0.17802733,0.8060674,0.015905354
development-644,0.8107396,0.14959963,0.039660808
development-645,0.073436625,0.8861764,0.040386945
development-646,0.1816287,0.6310728,0.1872985
development-647,0.9584616,0.028560653,0.012977813
development-648,0.9665218,0.021473797,0.012004331
development-649,0.8988697,0.08033162,0.020798612
development-650,0.40750498,0.49566314,0.09683191
development-651,0.2414253,0.6803976,0.078177005
development-652,0.8637649,0.10147728,0.034757808
development-653,0.58982086,0.399488,0.010691108
development-654,0.38636926,0.51308286,0.10054786
development-655,0.70971006,0.2243793,0.06591072
development-656,0.8611571,0.106529966,0.032312937
development-657,0.77148986,0.14402099,0.08448923
development-658,0.58722866,0.38522896,0.027542466
development-659,0.21832831,0.5810286,0.20064312
development-660,0.3769836,0.60955876,0.0134576475
development-661,0.053832576,0.91986394,0.026303483
development-662,0.122763485,0.21287976,0.66435677
development-663,0.13005976,0.7905241,0.079416096
development-664,0.91517425,0.068213366,0.016612377
development-665,0.81766176,0.17099237,0.011345837
development-666,0.4779667,0.5120715,0.009961837
development-667,0.15691222,0.7859496,0.05713818
development-668,0.76914597,0.21300383,0.01785018
development-669,0.18236555,0.5936807,0.22395384
development-670,0.14626902,0.56795543,0.28577557
development-671,0.50311387,0.47898486,0.017901298
development-672,0.05375601,0.80548745,0.1407565
development-673,0.5247665,0.40394646,0.07128697
development-674,0.91261476,0.053486604,0.033898696
development-675,0.013199077,0.96116865,0.025632327
development-676,0.38659313,0.21775173,0.39565513
development-677,0.54516876,0.44564125,0.009190069
development-678,0.26704627,0.7248494,0.008104399
development-679,0.7653795,0.11301582,0.12160469
development-680,0.54821163,0.41791582,0.033872493
development-681,0.60395104,0.25984582,0.1362031
development-682,0.96381783,0.0077717537,0.0284104
development-683,0.025782662,0.9565664,0.017650962
development-684,0.39527285,0.50615084,0.09857636
development-685,0.61606884,0.31913486,0.06479633
development-686,0.92597413,0.04274155,0.031284407
development-687,0.092230275,0.86246616,0.045303542
development-688,0.14251927,0.7908812,0.06659957
development-689,0.91752195,0.06284965,0.019628411
development-690,0.8548627,0.12447862,0.020658597
development-691,0.52975243,0.43238974,0.037857804
development-692,0.6546369,0.32186136,0.023501694
development-693,0.2771854,0.65779984,0.06501477
development-694,0.8004887,0.18218409,0.01732716
development-695,0.27052617,0.51705015,0.21242361
development-696,0.5734521,0.39243966,0.0341082
development-697,0.2475896,0.47411063,0.2782998
development-698,0.89948934,0.08224356,0.018267093
development-699,0.90591717,0.0690826,0.02500027
development-700,0.59763896,0.3374201,0.06494092
development-701,0.92072684,0.06183876,0.01743441
development-702,0.25255606,0.64204186,0.10540213
development-703,0.86218524,0.104902014,0.03291279
development-704,0.10052143,0.8882062,0.011272428
development-705,0.7606248,0.16469644,0.07467872
development-706,0.28954622,0.4479468,0.26250702
development-707,0.18025099,0.7388481,0.0809009
development-708,0.27138874,0.49380213,0.23480913
development-709,0.74602985,0.16806084,0.085909285
development-710,0.27868763,0.5992373,0.12207509
development-711,0.023841478,0.96238965,0.013768862
development-712,0.940969,0.02236382,0.03666721
development-713,0.79135776,0.17655587,0.032086443
development-714,0.42286474,0.4093804,0.16775486
development-715,0.74036497,0.1938038,0.06583131
development-716,0.65282375,0.30163762,0.04553863
development-717,0.9499312,0.032903325,0.01716547
development-718,0.12734386,0.8637562,0.00889998
development-719,0.039712846,0.9153418,0.044945262
development-720,0.65479165,0.29251316,0.052695185
development-721,0.11512762,0.2612552,0.6236172
development-722,0.06279656,0.91472256,0.022480845
development-723,0.012802306,0.95289487,0.03430287
development-724,0.18159842,0.76761585,0.050785724
development-725,0.6451691,0.3236356,0.031195391
development-726,0.23914206,0.7344698,0.026388148
development-727,0.78937036,0.19075288,0.019876834
development-728,0.39472842,0.38974017,0.21553141
development-729,0.25700587,0.69585216,0.047142018
development-730,0.4240987,0.550625,0.02527629
development-731,0.9698706,0.019253243,0.010876164
development-732,0.5617422,0.4172163,0.021041572
development-733,0.1790963,0.59643435,0.22446941
development-734,0.40178818,0.37497106,0.22324076
development-735,0.30884972,0.67573315,0.015417197
development-736,0.5206339,0.42124727,0.05811875
development-737,0.4924364,0.48738027,0.020183273
development-738,0.60865515,0.28077224,0.11057255
development-739,0.33817074,0.6326997,0.02912958
development-740,0.6925385,0.27578557,0.03167594
development-741,0.8939201,0.054015227,0.052064583
development-742,0.33633742,0.4556034,0.20805913
development-743,0.2889448,0.65049577,0.060559418
development-744,0.0995552,0.8618752,0.038569618
development-745,0.08794218,0.7895533,0.122504495
development-746,0.66163397,0.3052121,0.03315388
development-747,0.8575402,0.07668975,0.065770075
development-748,0.09890184,0.85321385,0.047884345
development-749,0.07265677,0.8949649,0.032378383
development-750,0.3620841,0.6249806,0.012935312
development-751,0.1356941,0.67224425,0.19206172
development-752,0.06542067,0.85637724,0.078202076
development-753,0.4368668,0.32397377,0.23915945
development-754,0.7848812,0.1864107,0.028708097
development-755,0.70321184,0.25739115,0.039396983
development-756,0.16097595,0.8216923,0.017331785
development-757,0.6433201,0.3207459,0.035933957
development-758,0.07138078,0.8956162,0.033003002
development-759,0.17535807,0.7959659,0.028676061
development-760,0.73771214,0.24509132,0.017196527
development-761,0.5524211,0.3480076,0.09957128
development-762,0.21023546,0.72847587,0.061288644
development-763,0.16651899,0.5754732,0.2580078
development-764,0.06548211,0.9243326,0.010185254
development-765,0.013158501,0.9621367,0.024704918
development-766,0.45058215,0.50901246,0.040405393
development-767,0.606167,0.3490693,0.04476369
development-768,0.504626,0.4032596,0.092114456
development-769,0.59879005,0.38523465,0.015975296
development-770,0.93647254,0.026089197,0.037438344
development-771,0.38549042,0.52651006,0.087999485
development-772,0.21971095,0.72832084,0.05196823
development-773,0.5880252,0.31917036,0.092804395
development-774,0.9250486,0.046951424,0.027999952
development-775,0.68397844,0.25803837,0.057983182
development-776,0.6930194,0.26988393,0.03709674
development-777,0.47450006,0.48497602,0.04052389
development-778,0.026415078,0.96159065,0.011994279
development-779,0.21566044,0.48171157,0.30262807
development-780,0.03767349,0.9425168,0.019809712
development-781,0.15668121,0.81399804,0.029320715
development-782,0.46815914,0.5026732,0.029167634
development-783,0.026023265,0.9407126,0.033264127
development-784,0.08021587,0.9018245,0.017959576
development-785,0.47487754,0.239569,0.2855535
development-786,0.30696943,0.52110136,0.17192921
development-787,0.70209575,0.28464463,0.0132596195
development-788,0.15436497,0.8251091,0.020525904
development-789,0.8414937,0.11340032,0.045105904
development-790,0.85361147,0.124942444,0.021446075
development-791,0.40914702,0.573533,0.017320026
development-792,0.27754438,0.6683539,0.054101765
development-793,0.8157144,0.13829984,0.045985766
development-794,0.12494094,0.7305134,0.14454564
development-795,0.91915184,0.04424023,0.036607962
development-796,0.10362934,0.13836801,0.7580027
development-797,0.09560219,0.8882069,0.016190937
development-798,0.10798453,0.7987292,0.093286306
development-799,0.053020593,0.89784116,0.04913828
development-800,0.061084975,0.73895913,0.19995593
development-801,0.86748224,0.10784059,0.024677167
development-802,0.29693264,0.65902865,0.044038717
development-803,0.37662977,0.6111343,0.012235998
development-804,0.7233002,0.26504657,0.01165328
development-805,0.7495691,0.22878665,0.021644248
development-806,0.22856218,0.6387174,0.13272041
development-807,0.21878596,0.6342717,0.14694233
development-808,0.5367354,0.41430545,0.048959132
development-809,0.14346252,0.5496642,0.30687326
development-810,0.3922886,0.4833679,0.12434356
development-811,0.33352053,0.643236,0.023243474
development-812,0.61043066,0.24697484,0.14259447
development-813,0.73488533,0.24772194,0.017392702
development-814,0.044355158,0.92542905,0.030215839
development-815,0.37264764,0.60145795,0.025894431
development-816,0.30337772,0.08603044,0.6105918
development-817,0.5119561,0.38841695,0.099626966
development-818,0.5077049,0.40031683,0.091978244
development-819,0.040288232,0.9457304,0.013981361
development-820,0.37090605,0.6094325,0.019661393
development-821,0.6174471,0.36769572,0.014857198
development-822,0.5388478,0.43607748,0.025074707
development-823,0.6210945,0.25783736,0.12106805
development-824,0.3131123,0.66291666,0.023970962
development-825,0.72866887,0.25141853,0.019912587
development-826,0.7476761,0.14163215,0.110691704
development-827,0.2500694,0.7375065,0.012424095
development-828,0.016162818,0.9346706,0.049166553
development-829,0.35596398,0.57838446,0.06565158
development-830,0.8444078,0.13523503,0.020357234
development-831,0.4496681,0.5365577,0.013774228
development-832,0.57392,0.15218729,0.27389273
development-833,0.5609669,0.41507635,0.023956737
development-834,0.28124076,0.6859421,0.03281709
development-835,0.7508155,0.19105266,0.05813177
development-836,0.93822557,0.036708254,0.02506624
development-837,0.36462042,0.39158744,0.2437921
development-838,0.26806736,0.71356654,0.018366093
development-839,0.39529204,0.30386025,0.30084774
development-840,0.7693691,0.09526279,0.13536806
development-841,0.3000898,0.51270795,0.18720224
development-842,0.5918678,0.36921856,0.038913634
development-843,0.45366654,0.50728554,0.039047904
development-844,0.31769946,0.67236525,0.009935231
development-845,0.46612006,0.45008895,0.08379098
development-846,0.48065543,0.40862584,0.11071881
development-847,0.67640734,0.27554914,0.048043568
development-848,0.2810989,0.26644185,0.4524593
development-849,0.8341195,0.12726189,0.03861862
development-850,0.3726627,0.59119874,0.03613859
development-851,0.74427134,0.22987984,0.025848806
development-852,0.6920064,0.29363266,0.014360944
development-853,0.19805098,0.7388685,0.06308052
development-854,0.71815884,0.086668506,0.19517262
development-855,0.54126185,0.43186295,0.02687523
development-856,0.4239896,0.55023175,0.025778625
development-857,0.5371617,0.4217459,0.041092385
development-858,0.2032966,0.36112458,0.4355788
development-859,0.031751886,0.89695543,0.07129266
development-860,0.6861751,0.27805978,0.03576513
development-861,0.9430856,0.038315907,0.018598527
development-862,0.21530357,0.51560366,0.2690927
development-863,0.07354818,0.8506259,0.075825915
development-864,0.47870588,0.5113098,0.009984296
development-865,0.14377101,0.80422056,0.05200848
development-866,0.85012126,0.1351723,0.014706452
development-867,0.9472533,0.038487986,0.014258658
development-868,0.7284366,0.23646066,0.035102792
development-869,0.13912553,0.6974859,0.16338855
development-870,0.90991,0.06350608,0.026583873
development-871,0.6220234,0.33510077,0.04287589
development-872,0.13807042,0.789477,0.07245258
development-873,0.15265611,0.81069297,0.03665094
development-874,0.5477896,0.27625832,0.1759521
development-875,0.26724887,0.68867177,0.044079382
development-876,0.01874714,0.9485171,0.0327358
development-877,0.37581584,0.5735071,0.050677136
development-878,0.9046149,0.07674428,0.018640822
development-879,0.06088648,0.90126306,0.037850413
development-880,0.78351444,0.19801414,0.01847139
development-881,0.43159267,0.52195835,0.046448957
development-882,0.55472636,0.43054345,0.0147301415
development-883,0.1940972,0.69515574,0.11074697
development-884,0.58386666,0.34548563,0.07064776
development-885,0.5718713,0.4190268,0.009101955
development-886,0.1598195,0.7127875,0.12739295
development-887,0.43500465,0.44660097,0.1183944
development-888,0.93924135,0.037874606,0.022883968
development-889,0.8770208,0.09002254,0.03295671
development-890,0.49227604,0.25054348,0.25718057
development-891,0.23151655,0.7102226,0.05826083
development-892,0.525608,0.45447624,0.019915732
development-893,0.9295552,0.038585808,0.031859048
development-894,0.41922876,0.51195633,0.068814956
development-895,0.50017583,0.37913755,0.12068669
development-896,0.5461984,0.4301888,0.02361275
development-897,0.15162504,0.73552626,0.11284867
development-898,0.5884387,0.35284826,0.05871305
development-899,0.8241166,0.14941815,0.026465176
development-900,0.23989803,0.74609107,0.014010893
development-901,0.5266528,0.17112465,0.30222252
development-902,0.9310559,0.0424341,0.026509948
development-903,0.40193766,0.5843251,0.013737357
development-904,0.2235182,0.6241554,0.15232638
development-905,0.44394398,0.10927537,0.44678062
development-906,0.3314495,0.17900798,0.48954248
development-907,0.4218514,0.55265737,0.025491191
development-908,0.029840698,0.019769462,0.9503898
development-909,0.72943056,0.20285591,0.06771361
development-910,0.9355361,0.047136385,0.017327439
development-911,0.77251047,0.19147831,0.036011256
development-912,0.4833952,0.29453197,0.22207281
development-913,0.91524935,0.055244308,0.029506337
development-914,0.5165087,0.4606766,0.022814782
development-915,0.9534753,0.034818858,0.011705777
development-916,0.5758106,0.16023713,0.26395223
development-917,0.1040661,0.85004836,0.04588555
development-918,0.4410317,0.2825436,0.2764247
development-919,0.6439931,0.3324805,0.023526449
development-920,0.7842783,0.16185156,0.05387019
development-921,0.13193882,0.85310096,0.014960219
development-922,0.17588563,0.8104736,0.0136407325
development-923,0.2354617,0.63311243,0.13142589
development-924,0.14059529,0.76345503,0.09594967
development-925,0.21548165,0.75395405,0.030564288
development-926,0.8128701,0.13286303,0.05426687
development-927,0.11952633,0.23896962,0.641504
development-928,0.79029125,0.08888013,0.12082865
development-929,0.82196814,0.13755903,0.040472794
development-930,0.43576437,0.48975483,0.07448075
development-931,0.21875297,0.6362581,0.14498888
development-932,0.5257005,0.4426259,0.031673606
development-933,0.7810126,0.18954179,0.029445577
development-934,0.66772956,0.03978201,0.29248843
development-935,0.91600573,0.03510934,0.048884895
development-936,0.19714257,0.70313245,0.099724896
development-937,0.5360435,0.3776848,0.086271614
development-938,0.19985677,0.25519043,0.54495275
development-939,0.029057132,0.8987884,0.072154485
development-940,0.8232105,0.15397535,0.0228142
development-941,0.06442937,0.87692744,0.058643192
development-942,0.16790573,0.39614508,0.43594912
development-943,0.18185543,0.32089788,0.49724674
development-944,0.47419193,0.3016528,0.22415532
development-945,0.05531062,0.8951413,0.049548063
development-946,0.25477922,0.57576793,0.16945289
development-947,0.36676627,0.6160215,0.017212218
development-948,0.30428472,0.4913138,0.20440146
development-949,0.1500811,0.771109,0.078809924
development-950,0.56071097,0.33871427,0.10057473
development-951,0.9002027,0.05721488,0.042582452
development-952,0.38815677,0.553753,0.058090195
development-953,0.90972036,0.08315672,0.0071228645
development-954,0.36968198,0.52449715,0.10582081
development-955,0.671767,0.13034657,0.1978864
development-956,0.08984565,0.8532154,0.056938987
development-957,0.7281956,0.23355038,0.038254093
development-958,0.56519455,0.4042001,0.030605365
development-959,0.94333655,0.027850889,0.028812485
development-960,0.70793694,0.26312047,0.028942632
development-961,0.036802053,0.88986754,0.07333032
development-962,0.42868555,0.3544084,0.21690597
development-963,0.8146233,0.09220467,0.09317203
development-964,0.2572697,0.6933896,0.049340624
development-965,0.38383555,0.5886773,0.027487153
development-966,0.6248378,0.23799108,0.13717118
development-967,0.40808216,0.49652633,0.09539143
development-968,0.21165651,0.6543364,0.13400705
development-969,0.38900015,0.088277385,0.5227225
development-970,0.3059468,0.6471193,0.046933904
development-971,0.52885574,0.3490801,0.12206423
development-972,0.06563447,0.5436501,0.3907155
development-973,0.7491089,0.23413819,0.016752891
development-974,0.088093616,0.8251278,0.08677864
development-975,0.862373,0.116292715,0.021334391
development-976,0.9132871,0.043242965,0.043469936
development-977,0.75400645,0.2186446,0.027348954
development-978,0.5088708,0.4726478,0.018481402
development-979,0.037043754,0.95100224,0.011953965
development-980,0.5190647,0.44496837,0.035966977
development-981,0.19348456,0.4182748,0.38824064
development-982,0.6009722,0.34790593,0.051121935
development-983,0.24507996,0.36514145,0.38977855
development-984,0.41733754,0.5626581,0.02000437
development-985,0.24466139,0.6175852,0.13775347
development-986,0.3624012,0.51628107,0.121317714
development-987,0.48587936,0.47145844,0.042662203
development-988,0.89548147,0.039315265,0.06520326
development-989,0.80522764,0.15457337,0.040198985
development-990,0.75016683,0.19994068,0.049892478
development-991,0.831575,0.092122786,0.07630231
development-992,0.017009333,0.95496464,0.028026002
development-993,0.3323066,0.6560863,0.011607076
development-994,0.34008992,0.6474579,0.012452263
development-995,0.25589395,0.6987021,0.04540401
development-996,0.71864593,0.26190022,0.01945386
development-997,0.33711284,0.5256166,0.13727057
development-998,0.106309295,0.86377805,0.029912654
development-999,0.2022562,0.6076861,0.19005768
development-1000,0.90328896,0.07645971,0.02025135
development-1001,0.9253971,0.06558319,0.009019804
development-1002,0.7024168,0.110637456,0.18694578
development-1003,0.55040663,0.39615718,0.053436153
development-1004,0.8298636,0.08796874,0.08216771
development-1005,0.94740564,0.032858327,0.019736074
development-1006,0.8907904,0.064030185,0.045179408
development-1007,0.35020772,0.39351323,0.2562791
development-1008,0.06526188,0.88862824,0.046109855
development-1009,0.65893775,0.29298815,0.048074096
development-1010,0.22606516,0.76297975,0.010955101
development-1011,0.8923862,0.07691467,0.030699093
development-1012,0.051997185,0.9319297,0.016073104
development-1013,0.2063979,0.14434014,0.6492619
development-1014,0.49593794,0.44830766,0.05575439
development-1015,0.045357406,0.8769825,0.07766
development-1016,0.36307985,0.59958696,0.037333142
development-1017,0.16436797,0.75863236,0.07699962
development-1018,0.058972057,0.89984596,0.041181926
development-1019,0.6069953,0.37607074,0.016934007
development-1020,0.78183645,0.18868479,0.029478718
development-1021,0.05966488,0.9200767,0.020258415
development-1022,0.8622751,0.082594156,0.055130765
development-1023,0.13231541,0.7858817,0.08180286
development-1024,0.69278985,0.24431495,0.062895186
development-1025,0.03251004,0.9298176,0.03767243
development-1026,0.9811801,0.012958124,0.005861716
development-1027,0.53772706,0.4465013,0.015771583
development-1028,0.13932168,0.8187904,0.04188796
development-1029,0.8346888,0.10439768,0.060913548
development-1030,0.77324253,0.09052108,0.13623643
development-1031,0.5086859,0.44829175,0.043022323
development-1032,0.6552545,0.25146583,0.09327964
development-1033,0.9228745,0.045386583,0.031738944
development-1034,0.2509095,0.698505,0.05058554
development-1035,0.9737258,0.018324323,0.007949877
development-1036,0.020934382,0.9704607,0.008604835
development-1037,0.09622204,0.7857876,0.11799033
development-1038,0.7325714,0.19847164,0.06895697
development-1039,0.18529731,0.37619218,0.43851048
development-1040,0.14065172,0.84105426,0.018294048
development-1041,0.048159644,0.9137271,0.038113214
development-1042,0.113200195,0.86729103,0.019508857
development-1043,0.19036372,0.4237381,0.3858982
development-1044,0.38224563,0.5161145,0.10163994
development-1045,0.04989953,0.9325165,0.017583923
development-1046,0.822063,0.09620895,0.08172804
development-1047,0.31620023,0.22249405,0.4613057
development-1048,0.9224507,0.058469307,0.019079974
development-1049,0.66376233,0.25045416,0.085783504
development-1050,0.09089006,0.84135413,0.067755766
development-1051,0.62463105,0.18760079,0.1877682
development-1052,0.40640217,0.5660199,0.027577965
development-1053,0.80990624,0.16070302,0.029390808
development-1054,0.883491,0.10885728,0.0076517393
development-1055,0.19560166,0.6931985,0.11119978
development-1056,0.77669585,0.12575266,0.0975515
development-1057,0.08460787,0.8800338,0.035358373
development-1058,0.80989474,0.17307357,0.017031677
development-1059,0.65049255,0.3038212,0.045686264
development-1060,0.7307384,0.24585713,0.023404408
development-1061,0.55720985,0.39653316,0.046257038
development-1062,0.28905705,0.6450288,0.06591416
development-1063,0.92969394,0.056276128,0.0140299685
development-1064,0.1305085,0.8605849,0.008906616
development-1065,0.7330379,0.20875378,0.058208335
development-1066,0.4598702,0.51411355,0.026016241
development-1067,0.6708069,0.29578525,0.033407867
development-1068,0.43204588,0.5112957,0.05665848
development-1069,0.64475965,0.3317124,0.023527939
development-1070,0.24988845,0.7265221,0.023589473
development-1071,0.8218247,0.0941324,0.08404292
development-1072,0.046501838,0.930169,0.023329182
development-1073,0.14558634,0.831257,0.023156656
development-1074,0.33826375,0.4799668,0.18176955
development-1075,0.65503144,0.2921984,0.05277009
development-1076,0.44621873,0.5458251,0.007956157
development-1077,0.274368,0.6084488,0.117183104
development-1078,0.9171806,0.07176795,0.011051425
development-1079,0.3326214,0.62834895,0.039029602
development-1080,0.29901293,0.6913096,0.009677579
development-1081,0.09200279,0.8778363,0.0301609
development-1082,0.8120918,0.15959662,0.02831154
development-1083,0.9721594,0.0179864,0.009854107
development-1084,0.14170718,0.8035027,0.054790173
development-1085,0.8089658,0.17003839,0.020995846
development-1086,0.32266915,0.23191002,0.44542083
development-1087,0.27007574,0.20339899,0.52652526
development-1088,0.21084154,0.7782112,0.010947331
development-1089,0.1752534,0.5471657,0.27758083
development-1090,0.49106187,0.5001729,0.008765241
development-1091,0.09299291,0.84464,0.062367175
development-1092,0.64632374,0.21017261,0.14350365
development-1093,0.2068901,0.61816454,0.17494538
development-1094,0.8038007,0.108584985,0.08761437
development-1095,0.3179861,0.6498169,0.032197103
development-1096,0.033203103,0.9301745,0.036622323
development-1097,0.012984535,0.9698391,0.017176287
development-1098,0.6154289,0.22804733,0.15652373
development-1099,0.19737218,0.6135109,0.18911682
development-1100,0.89664626,0.09384941,0.009504297
development-1101,0.21525197,0.66132796,0.123419985
development-1102,0.20625134,0.5427383,0.25101033
development-1103,0.52121484,0.404035,0.07475011
development-1104,0.09442983,0.17199881,0.73357135
development-1105,0.38592762,0.45627052,0.1578019
development-1106,0.11371542,0.8575606,0.02872396
development-1107,0.19290282,0.35516465,0.45193258
development-1108,0.34896296,0.51511425,0.1359228
development-1109,0.6334253,0.31851202,0.04806272
development-1110,0.2513697,0.7110928,0.03753744
development-1111,0.30857813,0.6805464,0.010875474
development-1112,0.023035832,0.96506685,0.011897316
development-1113,0.17516276,0.5409991,0.2838381
development-1114,0.46411675,0.4878383,0.048044868
development-1115,0.07740175,0.85645974,0.066138476
development-1116,0.9302375,0.053660322,0.016102241
development-1117,0.19163594,0.77753836,0.030825613
development-1118,0.066636845,0.9078441,0.025518997
development-1119,0.27084464,0.30486614,0.42428923
development-1120,0.26068345,0.6986936,0.040623024
development-1121,0.20827658,0.70226866,0.089454815
development-1122,0.9289393,0.046949167,0.024111545
development-1123,0.16392714,0.73351794,0.102554955
development-1124,0.6126365,0.35540706,0.031956434
development-1125,0.7176403,0.2132938,0.06906591
development-1126,0.44067731,0.5355087,0.023813978
development-1127,0.8599212,0.11902967,0.021049151
development-1128,0.07595428,0.87070936,0.053336382
development-1129,0.7443293,0.22690725,0.028763508
development-1130,0.19625369,0.60374427,0.20000196
development-1131,0.121549,0.66714567,0.21130534
development-1132,0.49756607,0.46190464,0.040529206
development-1133,0.5600074,0.40775225,0.03224033
development-1134,0.83452994,0.15373065,0.0117395
development-1135,0.21098495,0.7797545,0.009260529
development-1136,0.24864131,0.7117143,0.03964443
development-1137,0.14604622,0.8472674,0.0066863922
development-1138,0.6471462,0.28702027,0.06583357
development-1139,0.012985006,0.97107613,0.015938843
development-1140,0.90541553,0.045604292,0.048980173
development-1141,0.6526006,0.3125158,0.034883637
development-1142,0.8975195,0.07361393,0.028866468
development-1143,0.14835171,0.81240046,0.03924785
development-1144,0.078520045,0.65956575,0.2619142
development-1145,0.6748642,0.31003755,0.015098324
development-1146,0.8533781,0.12363512,0.022986788
development-1147,0.38810033,0.5960475,0.015852196
development-1148,0.77693343,0.1257359,0.09733058
development-1149,0.43924809,0.47036374,0.090388164
development-1150,0.63017863,0.24706826,0.1227531
development-1151,0.87336063,0.10119983,0.025439493
development-1152,0.19618326,0.455979,0.34783775
development-1153,0.83221513,0.14024594,0.027538935
development-1154,0.034050047,0.924141,0.04180892
development-1155,0.93902975,0.045050476,0.01591981
development-1156,0.7548318,0.20973314,0.03543498
development-1157,0.12554269,0.7723669,0.10209045
development-1158,0.4249221,0.5058669,0.069211
development-1159,0.060571674,0.9030806,0.036347743
development-1160,0.8063611,0.10177266,0.091866255
development-1161,0.7231025,0.15452363,0.12237386
development-1162,0.37165353,0.5847354,0.043611094
development-1163,0.6403059,0.3211017,0.03859242
development-1164,0.26081613,0.35703197,0.38215193
development-1165,0.047164988,0.73198026,0.22085476
development-1166,0.52774733,0.33159286,0.14065982
development-1167,0.7477856,0.23779957,0.014414858
development-1168,0.353801,0.60467833,0.041520704
development-1169,0.40108278,0.5847327,0.014184515
development-1170,0.326982,0.21266912,0.46034887
development-1171,0.12159328,0.6307598,0.24764697
development-1172,0.2774634,0.7104773,0.012059283
development-1173,0.01602661,0.9734797,0.0104936715
development-1174,0.30207267,0.50942636,0.18850096
development-1175,0.640237,0.21108693,0.14867616
development-1176,0.7477021,0.21034439,0.041953485
development-1177,0.124905385,0.7808693,0.094225295
development-1178,0.64316773,0.3303327,0.02649953
development-1179,0.11873015,0.8071471,0.07412274
development-1180,0.36880663,0.6144366,0.016756793
development-1181,0.7110595,0.07816096,0.21077958
development-1182,0.20315962,0.77055305,0.026287368
development-1183,0.10971254,0.29077217,0.59951526
development-1184,0.124234624,0.64271235,0.23305303
development-1185,0.25142342,0.6511185,0.09745801
development-1186,0.039688554,0.90722746,0.05308397
development-1187,0.046965957,0.91842616,0.03460787
development-1188,0.8430958,0.09705148,0.059852768
development-1189,0.20093437,0.7902973,0.00876832
development-1190,0.032954782,0.9127953,0.05424996
development-1191,0.8854825,0.10466797,0.009849452
development-1192,0.13832296,0.674424,0.18725301
development-1193,0.8320315,0.12896574,0.039002776
development-1194,0.8967848,0.08548177,0.017733518
development-1195,0.42340344,0.32091504,0.25568146
development-1196,0.90546966,0.077173226,0.017357048
development-1197,0.12459681,0.8400308,0.035372403
development-1198,0.18104014,0.3483237,0.47063607
development-1199,0.36311448,0.63017887,0.0067067025
development-1200,0.14656697,0.63731307,0.21611989
development-1201,0.95479745,0.015064698,0.030137772
development-1202,0.8899121,0.089645356,0.02044257
development-1203,0.7946919,0.17073183,0.034576215
development-1204,0.4411826,0.5266314,0.032185886
development-1205,0.16274115,0.7281953,0.10906354
development-1206,0.7398317,0.223733,0.036435347
development-1207,0.8282267,0.15552115,0.016252091
development-1208,0.7037419,0.16759971,0.12865832
development-1209,0.90056556,0.06302914,0.03640534
development-1210,0.42952386,0.25492465,0.31555155
development-1211,0.65375453,0.22889993,0.11734561
development-1212,0.042657048,0.9247087,0.03263421
development-1213,0.24501295,0.68976,0.06522697
development-1214,0.41512322,0.565374,0.019502789
development-1215,0.40874946,0.4054012,0.18584931
development-1216,0.7694296,0.18072373,0.04984671
development-1217,0.38285932,0.563236,0.05390467
development-1218,0.6647328,0.31464162,0.020625627
development-1219,0.73126924,0.18933678,0.079394005
development-1220,0.45221183,0.5311513,0.016636932
development-1221,0.57227165,0.41730908,0.010419312
development-1222,0.25428247,0.5115051,0.23421246
development-1223,0.9413705,0.03940219,0.019227376
development-1224,0.04039112,0.91442734,0.045181554
development-1225,0.8684607,0.09038765,0.041151624
development-1226,0.5600212,0.41463,0.025348725
development-1227,0.22104004,0.6413357,0.13762417
development-1228,0.20435582,0.70597583,0.08966835
development-1229,0.9057303,0.07641269,0.017856935
development-1230,0.44429016,0.43270525,0.123004556
development-1231,0.17562105,0.4442839,0.3800951
development-1232,0.3503131,0.63204825,0.017638765
development-1233,0.07129418,0.9118604,0.016845379
development-1234,0.16699941,0.7731104,0.059890114
development-1235,0.45094812,0.33112088,0.21793105
development-1236,0.6476262,0.19514006,0.1572337
development-1237,0.93657,0.04967188,0.013758109
development-1238,0.32664937,0.2162365,0.45711416
development-1239,0.15813218,0.80885726,0.033010557
development-1240,0.2982025,0.55940163,0.1423958
development-1241,0.14858103,0.7364635,0.1149555
development-1242,0.44395673,0.5046657,0.05137762
development-1243,0.08546613,0.7069574,0.20757644
development-1244,0.39365354,0.47480205,0.13154435
development-1245,0.056361586,0.69032925,0.25330913
development-1246,0.38387325,0.6070866,0.009040122
development-1247,0.23936498,0.71173465,0.04890039
development-1248,0.617678,0.33579594,0.046526104
development-1249,0.3047744,0.5186205,0.17660502
development-1250,0.43798527,0.5391522,0.022862516
development-1251,0.4632957,0.32790288,0.20880148
development-1252,0.4306868,0.53867674,0.030636398
development-1253,0.73169494,0.17508799,0.09321706
development-1254,0.8891986,0.091981076,0.01882035
development-1255,0.74002963,0.23954824,0.020422103
development-1256,0.220356,0.50063443,0.2790095
development-1257,0.47867408,0.50816256,0.01316342
development-1258,0.64189017,0.34331137,0.014798463
development-1259,0.6969494,0.14729849,0.15575212
development-1260,0.24908653,0.23602676,0.5148867
development-1261,0.18424106,0.5369282,0.2788308
development-1262,0.27374947,0.16505863,0.561192
development-1263,0.6404164,0.23576887,0.12381478
development-1264,0.035594817,0.94989693,0.014508308
development-1265,0.21469893,0.5455586,0.23974249
development-1266,0.30229476,0.6180716,0.07963368
development-1267,0.7076475,0.0792788,0.2130737
development-1268,0.7848428,0.19994956,0.015207575
development-1269,0.16783395,0.81343746,0.018728558
development-1270,0.8746511,0.093911655,0.031437345
development-1271,0.23121089,0.03994703,0.7288421
development-1272,0.9484064,0.03344486,0.018148784
development-1273,0.7351762,0.1762185,0.088605374
development-1274,0.95212114,0.030659862,0.01721898
development-1275,0.5995189,0.31014717,0.09033391
development-1276,0.9247265,0.052606434,0.022667209
development-1277,0.031017419,0.9518631,0.017119505
development-1278,0.88671935,0.09979741,0.013483178
development-1279,0.21177796,0.74579805,0.042424016
development-1280,0.311653,0.65007603,0.038270988
development-1281,0.61302304,0.34750834,0.039468624
development-1282,0.82476515,0.15228236,0.022952497
development-1283,0.23464027,0.5664943,0.19886547
development-1284,0.5107957,0.39162377,0.09758047
development-1285,0.7215482,0.20580716,0.07264473
development-1286,0.8804127,0.104543865,0.015043495
development-1287,0.019474763,0.927144,0.053381186
development-1288,0.58456874,0.39719623,0.018234946
development-1289,0.6495322,0.3217769,0.028690848
development-1290,0.19627436,0.4070768,0.39664885
development-1291,0.14820708,0.55235356,0.2994393
development-1292,0.11014297,0.7455673,0.14428978
development-1293,0.0695024,0.9101217,0.020375883
development-1294,0.6118157,0.37570366,0.012480625
development-1295,0.2911142,0.6276454,0.08124047
development-1296,0.28996924,0.66035473,0.049676083
development-1297,0.66969126,0.29176107,0.038547605
development-1298,0.6256582,0.33327696,0.041064784
development-1299,0.07284831,0.4069485,0.5202032
development-1300,0.61392057,0.35006696,0.036012463
development-1301,0.944956,0.04500585,0.010038113
development-1302,0.6045113,0.34704372,0.048444986
development-1303,0.8935015,0.049427286,0.057071183
development-1304,0.051291786,0.93202406,0.016684068
development-1305,0.6472356,0.19771823,0.15504624
development-1306,0.50250065,0.2708378,0.22666155
development-1307,0.82746774,0.11825294,0.054279312
development-1308,0.7723259,0.1308691,0.09680507
development-1309,0.31333563,0.17281438,0.51385
development-1310,0.85022825,0.10065841,0.04911332
development-1311,0.37746003,0.38494867,0.2375913
development-1312,0.8625765,0.100553244,0.03687027
development-1313,0.26287684,0.6830269,0.05409626
development-1314,0.25824475,0.709779,0.031976275
development-1315,0.37942144,0.5576016,0.06297696
development-1316,0.021913454,0.88995284,0.0881338
development-1317,0.23954426,0.7376928,0.022762975
development-1318,0.05594474,0.8987289,0.045326367
development-1319,0.363687,0.6288393,0.0074736997
development-1320,0.75413585,0.20846525,0.03739895
development-1321,0.034777604,0.87633204,0.08889033
development-1322,0.08895471,0.87071306,0.040332217
development-1323,0.88735133,0.07110725,0.04154143
development-1324,0.26259115,0.7047795,0.032629292
development-1325,0.6458974,0.20322159,0.15088107
development-1326,0.90514004,0.07751063,0.017349353
development-1327,0.92902637,0.055988453,0.0149851125
development-1328,0.12669416,0.72780114,0.14550476
development-1329,0.8807609,0.029184906,0.09005426
development-1330,0.3172445,0.67279,0.009965543
development-1331,0.956996,0.034948334,0.008055629
development-1332,0.5431782,0.063105054,0.39371678
development-1333,0.6068682,0.37009287,0.02303894
development-1334,0.9390209,0.041224286,0.019754782
development-1335,0.43462855,0.48754224,0.077829175
development-1336,0.712804,0.27171868,0.015477238
development-1337,0.3394069,0.5995689,0.06102421
development-1338,0.699221,0.26373202,0.03704697
development-1339,0.61680037,0.27676642,0.10643327
development-1340,0.8547208,0.08735387,0.05792533
development-1341,0.1818084,0.7901065,0.028085085
development-1342,0.058436718,0.90144485,0.04011836
development-1343,0.39888504,0.27247468,0.32864028
development-1344,0.9538012,0.023342533,0.022856256
development-1345,0.062746406,0.8653535,0.07190014
development-1346,0.11005412,0.84217864,0.047767185
development-1347,0.27625427,0.695721,0.02802477
development-1348,0.21028845,0.43716258,0.3525489
development-1349,0.2469942,0.64031905,0.112686776
development-1350,0.1851982,0.4923048,0.322497
development-1351,0.89853716,0.06600165,0.035461184
development-1352,0.10563881,0.8809061,0.013455125
development-1353,0.17651951,0.74334055,0.08013995
development-1354,0.15695521,0.7768409,0.0662038
development-1355,0.3203517,0.62308127,0.056567024
development-1356,0.49645817,0.45218834,0.051353466
development-1357,0.5343286,0.43172625,0.033945266
development-1358,0.6237676,0.3614951,0.0147373285
development-1359,0.21132919,0.77281284,0.01585803
development-1360,0.88833326,0.09547768,0.016189095
development-1361,0.37648273,0.60703325,0.016484076
development-1362,0.5141368,0.4583919,0.027471222
development-1363,0.031444933,0.9493722,0.019182919
development-1364,0.7593777,0.22260533,0.01801692
development-1365,0.9239875,0.0612405,0.014772024
development-1366,0.38316602,0.39905703,0.21777701
development-1367,0.2847817,0.6652405,0.049977757
development-1368,0.92620915,0.059953336,0.013837508
development-1369,0.52905196,0.45394292,0.017005045
development-1370,0.34303534,0.34630343,0.3106612
development-1371,0.83341885,0.14138071,0.025200428
development-1372,0.5424049,0.31275216,0.14484306
development-1373,0.9377118,0.022802379,0.039485842
development-1374,0.05329349,0.88614094,0.060565576
development-1375,0.5979801,0.17992598,0.22209397
development-1376,0.5347657,0.43013853,0.035095777
development-1377,0.5331132,0.44997635,0.016910449
development-1378,0.5725359,0.38385662,0.043607436
development-1379,0.64899796,0.32370225,0.027299825
development-1380,0.91193277,0.045114882,0.042952273
development-1381,0.34080717,0.6388574,0.020335386
development-1382,0.016542796,0.9746753,0.008781916
development-1383,0.04379232,0.8296579,0.1265497
development-1384,0.2571122,0.5476448,0.19524297
development-1385,0.13426575,0.84796953,0.01776468
development-1386,0.9175705,0.07313547,0.009294007
development-1387,0.82895225,0.14918771,0.021860007
development-1388,0.37119314,0.5888652,0.03994159
development-1389,0.6231652,0.21960431,0.15723047
development-1390,0.38457066,0.5725214,0.042907972
development-1391,0.39204833,0.38691032,0.22104135
development-1392,0.050176114,0.86266303,0.08716084
development-1393,0.5471391,0.36162362,0.091237225
development-1394,0.9508523,0.025141977,0.0240057
development-1395,0.73497427,0.25337353,0.011652215
development-1396,0.3967518,0.43561697,0.16763125
development-1397,0.26118994,0.35158965,0.38722044
development-1398,0.026632257,0.90624577,0.0671219
development-1399,0.42490515,0.551815,0.023279933
development-1400,0.46771201,0.49856505,0.033722986
development-1401,0.4722153,0.4590075,0.06877717
development-1402,0.34595442,0.20666917,0.4473764
development-1403,0.9354828,0.038030453,0.026486784
development-1404,0.88576645,0.050645508,0.06358803
development-1405,0.3938081,0.59070694,0.015485003
development-1406,0.093926705,0.83285904,0.07321415
development-1407,0.86206573,0.09447875,0.04345552
development-1408,0.3787539,0.6016805,0.019565606
development-1409,0.12677619,0.54138416,0.33183962
development-1410,0.059948534,0.90494496,0.0351065
development-1411,0.035425417,0.93238,0.032194592
development-1412,0.96164113,0.012730019,0.025628837
development-1413,0.056024037,0.9348429,0.00913313
development-1414,0.7397675,0.19431311,0.065919414
development-1415,0.48174477,0.49640718,0.021848124
development-1416,0.63832986,0.31462166,0.047048442
development-1417,0.89877784,0.032170907,0.06905133
development-1418,0.8812483,0.09993015,0.018821467
development-1419,0.60424817,0.35085145,0.04490044
development-1420,0.18779789,0.79086787,0.021334222
development-1421,0.20780568,0.759207,0.032987397
development-1422,0.4157405,0.47771153,0.106547944
development-1423,0.43147,0.55306935,0.0154606085
development-1424,0.4512082,0.48951396,0.059277795
development-1425,0.015169471,0.9704624,0.014368145
development-1426,0.082099654,0.82944953,0.08845082
development-1427,0.3966963,0.26630032,0.3370034
development-1428,0.58844316,0.4028498,0.008707041
development-1429,0.9463187,0.036050145,0.017631201
development-1430,0.2749342,0.71556395,0.009501757
development-1431,0.7840803,0.125543,0.090376645
development-1432,0.69795203,0.2795266,0.02252138
development-1433,0.2406533,0.7184281,0.040918637
development-1434,0.060783487,0.9245574,0.014659095
development-1435,0.7743223,0.17656098,0.04911672
development-1436,0.2054235,0.66237247,0.132204
development-1437,0.5967129,0.16339833,0.23988868
development-1438,0.4157146,0.56193393,0.022351483
development-1439,0.95903736,0.011445441,0.029517189
development-1440,0.15518655,0.7980206,0.046792857
development-1441,0.19820866,0.6497275,0.15206377
development-1442,0.8890187,0.0851899,0.025791425
development-1443,0.5879646,0.3813063,0.030729074
development-1444,0.540436,0.40742493,0.052139036
development-1445,0.276941,0.52486795,0.19819102
development-1446,0.9469271,0.039965414,0.013107595
development-1447,0.15590747,0.7208163,0.12327631
development-1448,0.24958125,0.32803085,0.42238796
development-1449,0.66912276,0.30384758,0.027029634
development-1450,0.21100295,0.6402319,0.1487651
development-1451,0.35099614,0.6297312,0.019272754
development-1452,0.46819857,0.47068238,0.061119054
development-1453,0.8233935,0.14212118,0.034485314
development-1454,0.8862469,0.0962734,0.01747971
development-1455,0.53768945,0.4121261,0.05018436
development-1456,0.021536738,0.9283344,0.050128885
development-1457,0.43345663,0.3702032,0.19634016
development-1458,0.52870786,0.42881587,0.042476207
development-1459,0.02870407,0.9476735,0.023622483
development-1460,0.2864712,0.69473815,0.01879068
development-1461,0.04015259,0.94725424,0.012593173
development-1462,0.1790197,0.5023839,0.31859645
development-1463,0.6628436,0.32336694,0.013789455
development-1464,0.037440542,0.8183688,0.14419064
development-1465,0.13210326,0.6725629,0.19533385
development-1466,0.8857086,0.056656513,0.057634827
development-1467,0.731356,0.2474241,0.021219911
development-1468,0.51647586,0.43889853,0.04462561
development-1469,0.12696937,0.7901927,0.08283795
development-1470,0.91079366,0.045244385,0.0439619
development-1471,0.610963,0.18685627,0.20218071
development-1472,0.43067104,0.55745023,0.011878804
development-1473,0.393873,0.4424444,0.16368257
development-1474,0.47140554,0.4273609,0.101233594
development-1475,0.23026463,0.7400717,0.02966367
development-1476,0.8219116,0.10856121,0.06952725
development-1477,0.20624727,0.203106,0.59064674
development-1478,0.40995577,0.57501584,0.0150284385
development-1479,0.56577903,0.3279052,0.106315725
development-1480,0.047408104,0.9237001,0.02889186
development-1481,0.11406255,0.83628786,0.049649496
development-1482,0.86617786,0.09305313,0.04076896
development-1483,0.018861296,0.96643037,0.014708292
development-1484,0.015081988,0.36948255,0.6154355
development-1485,0.7403897,0.19089025,0.06872003
development-1486,0.034718573,0.8904365,0.07484496
development-1487,0.7262307,0.2549251,0.01884415
development-1488,0.428902,0.3432357,0.22786231
development-1489,0.24094088,0.72610044,0.032958664
development-1490,0.69850516,0.26722944,0.034265406
development-1491,0.44352192,0.534802,0.021676065
development-1492,0.32468432,0.6524789,0.022836711
development-1493,0.85665464,0.13434424,0.009001182
development-1494,0.07841721,0.90494853,0.016634166
development-1495,0.13545357,0.75070417,0.11384229
development-1496,0.6742193,0.2471386,0.07864214
development-1497,0.0996648,0.6938579,0.20647731
development-1498,0.16309749,0.8106551,0.02624749
development-1499,0.31422904,0.3583243,0.32744664
development-1500,0.26955402,0.31054166,0.4199043
development-1501,0.8769002,0.10158028,0.02151953
development-1502,0.033699207,0.930978,0.03532278
development-1503,0.028055435,0.8510814,0.12086313
development-1504,0.87329066,0.0839656,0.04274381
development-1505,0.5485791,0.39100355,0.060417354
development-1506,0.6255875,0.3468037,0.027608769
development-1507,0.21228908,0.5946883,0.19302261
development-1508,0.04859006,0.9081213,0.043288667
development-1509,0.3680388,0.34429216,0.287669
development-1510,0.75989836,0.17340304,0.066698544
development-1511,0.4967095,0.48370335,0.019587079
development-1512,0.17280513,0.6190523,0.20814258
development-1513,0.3423258,0.15346403,0.5042101
development-1514,0.30432293,0.4959946,0.19968253
development-1515,0.15793608,0.8048515,0.03721249
development-1516,0.5121319,0.44295222,0.044915836
development-1517,0.30047324,0.67618155,0.023345254
development-1518,0.061902743,0.87708974,0.061007578
development-1519,0.14141455,0.7840577,0.07452775
development-1520,0.9186636,0.04100511,0.04033125
development-1521,0.37401116,0.58913755,0.036851276
development-1522,0.72647184,0.24954556,0.02398259
development-1523,0.6270525,0.32672656,0.046220895
development-1524,0.56029934,0.3798765,0.05982417
development-1525,0.60671276,0.31606734,0.07721985
development-1526,0.8353538,0.13893035,0.025715822
development-1527,0.2008367,0.63630724,0.16285607
development-1528,0.42513403,0.53859544,0.036270592
development-1529,0.49523252,0.43412256,0.07064491
development-1530,0.86697733,0.11583539,0.01718726
development-1531,0.8783799,0.09654994,0.02507012
development-1532,0.3414814,0.2983772,0.36014143
development-1533,0.5373043,0.42370334,0.038992375
development-1534,0.47845918,0.4942985,0.02724234
development-1535,0.19370404,0.63404334,0.17225258
development-1536,0.42503914,0.42056116,0.15439972
development-1537,0.2956728,0.6882368,0.016090546
development-1538,0.31725323,0.61850697,0.06423975
development-1539,0.68077505,0.2913345,0.027890475
development-1540,0.9510678,0.041492824,0.007439424
development-1541,0.4180265,0.540321,0.041652538
development-1542,0.91497064,0.052532233,0.032497108
development-1543,0.90852576,0.068469495,0.023004824
development-1544,0.77788883,0.20652772,0.015583469
development-1545,0.18614227,0.79958457,0.014273206
development-1546,0.44291657,0.470229,0.08685441
development-1547,0.29926175,0.54696774,0.15377055
development-1548,0.89193976,0.0547878,0.053272408
development-1549,0.6738435,0.28833678,0.03781963
development-1550,0.8768782,0.10570197,0.01741988
development-1551,0.9275902,0.035553917,0.036855865
development-1552,0.42529377,0.48654512,0.08816115
development-1553,0.69201,0.28081053,0.027179444
development-1554,0.897114,0.05099807,0.05188788
development-1555,0.8985096,0.08104881,0.020441536
development-1556,0.1482812,0.8229285,0.028790338
development-1557,0.18319713,0.77247876,0.044324074
development-1558,0.26002952,0.69478744,0.045182995
development-1559,0.27101016,0.70040995,0.028579926
development-1560,0.43986696,0.23634516,0.32378778
development-1561,0.61368376,0.23826645,0.14804973
development-1562,0.847205,0.11302582,0.039769188
development-1563,0.2044893,0.7268935,0.06861724
development-1564,0.26513308,0.5984051,0.13646184
development-1565,0.34781265,0.62074846,0.031438842
development-1566,0.0778265,0.88288885,0.03928466
development-1567,0.21813077,0.47324514,0.3086241
development-1568,0.92465734,0.049689777,0.0256529
development-1569,0.08941712,0.80190915,0.10867371
development-1570,0.28136435,0.49151957,0.22711614
development-1571,0.17310268,0.6108907,0.21600662
development-1572,0.05719976,0.9151342,0.02766594
development-1573,0.33746114,0.4576149,0.2049239
development-1574,0.68690246,0.28167933,0.031418182
development-1575,0.37123257,0.3265994,0.30216804
development-1576,0.24924983,0.7332188,0.01753139
development-1577,0.04837963,0.923977,0.027643347
development-1578,0.925746,0.056363516,0.017890364
development-1579,0.8733641,0.09421818,0.032417662
development-1580,0.008513542,0.9500388,0.041447755
development-1581,0.9423919,0.029048543,0.028559519
development-1582,0.76603186,0.17614423,0.05782394
development-1583,0.11517663,0.61397576,0.27084753
development-1584,0.43432966,0.54603535,0.019635009
development-1585,0.90753657,0.069698796,0.022764623
development-1586,0.38260666,0.47071984,0.14667346
development-1587,0.12353991,0.7953243,0.08113569
development-1588,0.15031901,0.82136804,0.02831291
development-1589,0.07314273,0.8898274,0.03703
development-1590,0.74696124,0.22816938,0.024869274
development-1591,0.96342975,0.028505808,0.008064463
development-1592,0.16756731,0.64594835,0.18648432
development-1593,0.9493965,0.027895773,0.022707805
development-1594,0.8713827,0.103924,0.024693284
development-1595,0.45079008,0.52231055,0.026899347
development-1596,0.9004612,0.066008635,0.033530246
development-1597,0.14363335,0.8228723,0.03349431
development-1598,0.62668407,0.33797917,0.03533674
development-1599,0.19345386,0.7876437,0.018902406
development-1600,0.19665754,0.7150433,0.08829913
development-1601,0.78654915,0.18336624,0.030084614
development-1602,0.32577178,0.6532968,0.020931346
development-1603,0.23109426,0.5921609,0.17674483
development-1604,0.34901243,0.6037634,0.047224235
development-1605,0.40017346,0.58776206,0.012064534
development-1606,0.19617195,0.787983,0.015845003
development-1607,0.27768672,0.6725028,0.049810413
development-1608,0.6216019,0.19781613,0.18058196
development-1609,0.08966429,0.83763486,0.07270094
development-1610,0.6569876,0.20317622,0.13983618
development-1611,0.8438593,0.13520342,0.020937169
development-1612,0.025216984,0.95048136,0.02430172
development-1613,0.21715453,0.56750125,0.21534425
development-1614,0.910833,0.0548029,0.034364052
development-1615,0.0184044,0.9712919,0.010303764
development-1616,0.901379,0.03850829,0.060112707
development-1617,0.9558507,0.029448507,0.014700787
development-1618,0.08564137,0.8959747,0.018383848
development-1619,0.24142408,0.43440264,0.32417324
development-1620,0.54870206,0.37122518,0.0800727
development-1621,0.49572015,0.4471093,0.057170574
development-1622,0.7314357,0.25578535,0.012778966
development-1623,0.46092787,0.48736724,0.05170491
development-1624,0.7013524,0.26217276,0.03647483
development-1625,0.74076,0.20829089,0.050949063
development-1626,0.4376149,0.32289428,0.23949087
development-1627,0.4254181,0.31042492,0.26415694
development-1628,0.7938451,0.18380973,0.022345202
development-1629,0.8890244,0.05242856,0.05854706
development-1630,0.36098802,0.47935814,0.1596539
development-1631,0.84917194,0.13416152,0.016666627
development-1632,0.5783126,0.27112046,0.150567
development-1633,0.5814154,0.36488628,0.053698327
development-1634,0.019631376,0.9499527,0.030415928
development-1635,0.21241876,0.6849584,0.102622904
development-1636,0.088381164,0.23669776,0.67492104
development-1637,0.05829759,0.8734183,0.06828414
development-1638,0.3687536,0.6030348,0.028211575
development-1639,0.47219837,0.3387522,0.18904942
development-1640,0.6422455,0.18704733,0.17070727
development-1641,0.0812639,0.8722739,0.046462122
development-1642,0.26292095,0.37255254,0.3645265
development-1643,0.30446318,0.5326093,0.16292748
development-1644,0.5966953,0.32269225,0.08061244
development-1645,0.8182995,0.16607495,0.01562561
development-1646,0.92658156,0.044615325,0.028803162
development-1647,0.24913347,0.5711871,0.17967938
development-1648,0.009247672,0.9664905,0.02426173
development-1649,0.07848427,0.89618325,0.025332436
development-1650,0.18096438,0.7765906,0.042445112
development-1651,0.019695003,0.9683192,0.011985852
development-1652,0.63456595,0.3506234,0.014810638
development-1653,0.65381557,0.2777911,0.0683933
development-1654,0.37573183,0.52919817,0.09507
development-1655,0.8947744,0.031945065,0.07328069
development-1656,0.030062605,0.9296824,0.040254988
development-1657,0.01763036,0.9523375,0.030032087
development-1658,0.14500006,0.82248497,0.032515008
development-1659,0.13060214,0.85470086,0.014696974
development-1660,0.37997878,0.5801493,0.03987186
development-1661,0.77563477,0.19398296,0.030382281
development-1662,0.86223274,0.10585563,0.031911567
development-1663,0.90425783,0.08142715,0.014315045
development-1664,0.47687337,0.44763288,0.07549371
development-1665,0.39952937,0.5758766,0.0245941
development-1666,0.39842498,0.5828474,0.01872762
development-1667,0.8732362,0.087729685,0.03903408
development-1668,0.49415284,0.34510788,0.16073932
development-1669,0.24852604,0.7336113,0.01786272
development-1670,0.7957512,0.17799504,0.026253719
development-1671,0.9176631,0.060501296,0.021835636
development-1672,0.2731863,0.6207792,0.10603451
development-1673,0.82724583,0.12166367,0.05109042
development-1674,0.6449074,0.30506298,0.05002958
development-1675,0.43421334,0.55443233,0.011354318
development-1676,0.88656276,0.08776523,0.025671959
development-1677,0.13529974,0.83387125,0.030829053
development-1678,0.8935936,0.0864355,0.019970886
development-1679,0.27104655,0.6421593,0.08679416
development-1680,0.65598613,0.23632342,0.10769052
development-1681,0.5274119,0.35318217,0.11940592
development-1682,0.20420277,0.28611606,0.50968117
development-1683,0.14434345,0.11685611,0.73880047
development-1684,0.45176235,0.35853502,0.18970264
development-1685,0.9307021,0.046667185,0.022630634
development-1686,0.12790734,0.64070696,0.23138568
development-1687,0.2852502,0.70722574,0.0075241113
development-1688,0.62384874,0.12411314,0.25203812
development-1689,0.44681102,0.5173211,0.035867848
development-1690,0.943689,0.03505195,0.021258997
development-1691,0.7240787,0.23201376,0.043907482
development-1692,0.93536526,0.05204481,0.0125898905
development-1693,0.44048023,0.40851212,0.15100764
development-1694,0.9077121,0.054657612,0.03763023
development-1695,0.20948902,0.6575734,0.13293757
development-1696,0.14299208,0.79839367,0.058614317
development-1697,0.022890834,0.8805603,0.09654889
development-1698,0.36819616,0.5776759,0.054128017
development-1699,0.009295334,0.9656185,0.025086174
development-1700,0.3073008,0.6709766,0.021722615
development-1701,0.3075302,0.54320264,0.1492672
development-1702,0.6081361,0.3510456,0.04081838
development-1703,0.33266807,0.468273,0.19905892
development-1704,0.46789813,0.38129306,0.15080883
development-1705,0.6850888,0.2891593,0.025751885
development-1706,0.2269554,0.7398936,0.03315106
development-1707,0.25986877,0.6049183,0.13521302
development-1708,0.14285907,0.7999728,0.05716818
development-1709,0.09141452,0.8956018,0.012983655
development-1710,0.6641377,0.25485757,0.08100466
development-1711,0.84467375,0.11210109,0.04322518
development-1712,0.11622777,0.34848058,0.5352917
development-1713,0.865362,0.104325525,0.030312521
development-1714,0.14569841,0.79735446,0.056947086
development-1715,0.3760573,0.5895848,0.03435784
development-1716,0.95333993,0.030536318,0.016123768
development-1717,0.099378034,0.777588,0.12303393
development-1718,0.16297373,0.75311285,0.08391341
development-1719,0.46957973,0.51055235,0.019867972
development-1720,0.45344782,0.5345332,0.012018965
development-1721,0.5654549,0.3846517,0.049893413
development-1722,0.24639401,0.48865035,0.26495558
development-1723,0.9498184,0.027579293,0.022602264
development-1724,0.5616841,0.33298147,0.10533448
development-1725,0.041634336,0.93143284,0.026932856
development-1726,0.40003935,0.5882374,0.01172323
development-1727,0.49279588,0.37800133,0.12920278
development-1728,0.2595577,0.62331885,0.11712342
development-1729,0.53617495,0.42684934,0.03697572
development-1730,0.7695697,0.19952102,0.030909339
development-1731,0.8296531,0.14991657,0.020430388
development-1732,0.92935824,0.025120493,0.045521207
development-1733,0.08210392,0.8364341,0.081461914
development-1734,0.91948766,0.053310532,0.027201837
development-1735,0.89674103,0.051525287,0.0517337
development-1736,0.56518346,0.16309172,0.2717248
development-1737,0.7528113,0.18137555,0.06581321
development-1738,0.94734615,0.04523401,0.0074199196
development-1739,0.84394974,0.13995059,0.016099675
development-1740,0.4796334,0.5046796,0.015686965
development-1741,0.81864655,0.16047925,0.020874241
development-1742,0.1616732,0.81868035,0.019646492
development-1743,0.5126362,0.44742036,0.039943445
development-1744,0.1335295,0.74613166,0.12033888
development-1745,0.09289699,0.85659456,0.05050841
development-1746,0.9385728,0.033202656,0.028224517
development-1747,0.569454,0.22167602,0.20886993
development-1748,0.5517435,0.4285892,0.01966735
development-1749,0.34665364,0.3810693,0.2722771
development-1750,0.6495589,0.26665795,0.08378325
development-1751,0.15627877,0.14886002,0.69486123
development-1752,0.5460303,0.3380486,0.115921155
development-1753,0.36964592,0.12707147,0.5032826
development-1754,0.47262585,0.24546124,0.28191295
development-1755,0.87776154,0.05344523,0.068793245
development-1756,0.17895201,0.6800761,0.14097185
development-1757,0.9116644,0.06853193,0.01980363
development-1758,0.2801968,0.57411397,0.14568925
development-1759,0.12391109,0.86195534,0.014133571
development-1760,0.8474678,0.13507064,0.01746167
development-1761,0.22798291,0.7020094,0.07000776
development-1762,0.19480036,0.37942117,0.42577845
development-1763,0.23604222,0.6198869,0.14407091
development-1764,0.9140722,0.047117673,0.03881002
development-1765,0.106993094,0.80052245,0.092484444
development-1766,0.3193078,0.6638255,0.016866686
development-1767,0.54095435,0.31166977,0.14737588
development-1768,0.7578833,0.19254452,0.049572144
development-1769,0.9376653,0.040372357,0.021962367
development-1770,0.025419703,0.9439842,0.03059608
development-1771,0.36727086,0.17642829,0.45630088
development-1772,0.41680923,0.5458566,0.037334155
development-1773,0.86249477,0.09538369,0.042121496
development-1774,0.9264821,0.05453919,0.01897865
development-1775,0.9237652,0.031943176,0.04429168
development-1776,0.8515951,0.13882677,0.00957812
development-1777,0.23931147,0.27296355,0.48772496
development-1778,0.83554876,0.104751945,0.059699215
development-1779,0.6232221,0.31101573,0.065762095
development-1780,0.9281295,0.055700276,0.01617014
development-1781,0.7831549,0.18258664,0.034258496
development-1782,0.63223547,0.35834745,0.009417109
development-1783,0.42389214,0.48210835,0.09399951
development-1784,0.3818541,0.5911391,0.027006824
development-1785,0.026080444,0.9246753,0.049244303
development-1786,0.0717869,0.704194,0.2240191
development-1787,0.5795891,0.27356797,0.14684284
development-1788,0.7001431,0.27039856,0.029458338
development-1789,0.3013079,0.5739792,0.124712884
development-1790,0.8659963,0.08588462,0.048119072
development-1791,0.26055193,0.73028755,0.00916046
development-1792,0.5473959,0.37018362,0.08242046
development-1793,0.21761964,0.763129,0.019251296
development-1794,0.41221145,0.50730497,0.08048358
development-1795,0.05774424,0.90345424,0.0388015
development-1796,0.19992793,0.68057597,0.11949614
development-1797,0.8950815,0.06679903,0.03811955
development-1798,0.376323,0.5665881,0.05708884
development-1799,0.037291784,0.71983445,0.24287376
development-1800,0.103502154,0.8564553,0.04004249
development-1801,0.44062448,0.4216936,0.13768187
development-1802,0.56747115,0.40162215,0.030906718
development-1803,0.1577848,0.73658097,0.105634235
development-1804,0.4858936,0.35477942,0.15932703
development-1805,0.35690084,0.23086475,0.4122344
development-1806,0.7255688,0.25788626,0.016545037
development-1807,0.8678411,0.10736014,0.024798729
development-1808,0.48945627,0.48221627,0.0283275
development-1809,0.855908,0.12287611,0.021215828
development-1810,0.10646452,0.87577003,0.01776543
development-1811,0.26797256,0.5656573,0.16637015
development-1812,0.71098745,0.26127273,0.027739871
development-1813,0.41861424,0.54136485,0.040020924
development-1814,0.46713212,0.47116694,0.061700962
development-1815,0.8635181,0.055481784,0.081000075
development-1816,0.04126887,0.9303916,0.028339453
development-1817,0.052655667,0.8410304,0.10631392
development-1818,0.017383397,0.93598706,0.046629615
development-1819,0.1851104,0.2590264,0.5558632
development-1820,0.78640217,0.19235276,0.021245036
development-1821,0.028843027,0.9230044,0.048152618
development-1822,0.05184371,0.92187804,0.026278257
development-1823,0.2515363,0.73424894,0.014214843
development-1824,0.111526385,0.7667979,0.12167569
development-1825,0.4339176,0.4810051,0.085077256
development-1826,0.011376473,0.96816295,0.020460637
development-1827,0.35986823,0.6129516,0.027180126
development-1828,0.5060581,0.46409786,0.029843977
development-1829,0.43098113,0.11600367,0.45301512
development-1830,0.17172723,0.76526064,0.06301208
development-1831,0.5187785,0.32057884,0.1606427
development-1832,0.42597124,0.42566654,0.14836223
development-1833,0.5096953,0.4019377,0.08836707
development-1834,0.03923983,0.9406761,0.02008398
development-1835,0.3466052,0.4605032,0.19289158
development-1836,0.35007358,0.35820037,0.29172605
development-1837,0.19674273,0.69880664,0.10445063
development-1838,0.118999526,0.8214086,0.05959181
development-1839,0.90522397,0.08025266,0.014523383
development-1840,0.7341946,0.2295744,0.036230966
development-1841,0.22631851,0.26597112,0.5077104
development-1842,0.79742706,0.18101437,0.021558525
development-1843,0.077374205,0.8972972,0.025328638
development-1844,0.80364925,0.1810469,0.015303871
development-1845,0.81618357,0.15068142,0.033135083
development-1846,0.14453332,0.832827,0.02263971
development-1847,0.8499907,0.12569526,0.024313927
development-1848,0.053046845,0.9160356,0.030917602
development-1849,0.64058244,0.24026649,0.11915109
development-1850,0.9487874,0.03235246,0.018860156
development-1851,0.36502326,0.5523723,0.08260452
development-1852,0.22076863,0.7104709,0.06876047
development-1853,0.06631885,0.89105195,0.042629246
development-1854,0.5774977,0.3888974,0.033604853
development-1855,0.5488098,0.43367764,0.017512461
development-1856,0.089790985,0.8903462,0.019862805
development-1857,0.5574558,0.2766731,0.16587104
development-1858,0.35838902,0.35883427,0.28277662
development-1859,0.24471413,0.7469465,0.008339432
development-1860,0.13875109,0.7759245,0.08532439
development-1861,0.5238861,0.3453515,0.13076243
development-1862,0.10896639,0.7936353,0.09739828
development-1863,0.14390922,0.10917189,0.746919
development-1864,0.49681482,0.47975054,0.023434624
development-1865,0.4171363,0.52737075,0.055492956
development-1866,0.17865647,0.14482269,0.6765208
development-1867,0.29311204,0.69471043,0.012177615
development-1868,0.73390204,0.24722968,0.018868243
development-1869,0.941636,0.030680336,0.027683612
development-1870,0.18743171,0.1524787,0.6600897
development-1871,0.31538394,0.59836894,0.086247176
development-1872,0.91655034,0.06633662,0.017113071
development-1873,0.18331951,0.54243046,0.27425006
development-1874,0.09189594,0.76846284,0.13964124
development-1875,0.83717287,0.13718171,0.025645383
development-1876,0.20163722,0.48643473,0.31192794
development-1877,0.08739792,0.7810654,0.13153669
development-1878,0.8815846,0.085645,0.032770477
development-1879,0.8033383,0.07737081,0.119290896
development-1880,0.014831232,0.9677549,0.017413823
development-1881,0.6659644,0.18388924,0.15014634
development-1882,0.096441574,0.8197213,0.08383713
development-1883,0.16311038,0.6660984,0.17079116
development-1884,0.81583625,0.13313383,0.051029924
development-1885,0.947984,0.03717618,0.014839841
development-1886,0.9094468,0.078009784,0.012543448
development-1887,0.38527614,0.6042163,0.010507628
development-1888,0.91653025,0.06052497,0.022944804
development-1889,0.79696035,0.18171926,0.021320391
development-1890,0.093435414,0.65288985,0.25367478
development-1891,0.5403529,0.4081491,0.051497977
development-1892,0.7787658,0.116013825,0.10522032
development-1893,0.040947624,0.83632153,0.122730725
development-1894,0.37754694,0.55739105,0.065062
development-1895,0.1300092,0.7502217,0.119769
development-1896,0.44294867,0.47911566,0.07793563
development-1897,0.267102,0.7077805,0.025117526
development-1898,0.24225044,0.7371507,0.020598821
development-1899,0.062831596,0.8520952,0.08507327
development-1900,0.80780536,0.1806433,0.011551308
development-1901,0.15058227,0.8235282,0.025889564
development-1902,0.065385476,0.92502594,0.009588587
development-1903,0.5077161,0.2638892,0.22839467
development-1904,0.26023653,0.3043274,0.43543613
development-1905,0.505546,0.466974,0.027480029
development-1906,0.49401233,0.48221257,0.023775099
development-1907,0.4722329,0.51615703,0.011610051
development-1908,0.5162302,0.21598026,0.26778948
development-1909,0.9422313,0.03122817,0.026540551
development-1910,0.5585845,0.42841935,0.01299608
development-1911,0.7083762,0.25337294,0.038250856
development-1912,0.42746925,0.19417112,0.37835965
development-1913,0.91027516,0.048788693,0.040936224
development-1914,0.8472073,0.12750764,0.025285037
development-1915,0.70685303,0.26073432,0.03241262
development-1916,0.104701065,0.8874715,0.007827457
development-1917,0.36405516,0.5561535,0.07979138
development-1918,0.8821864,0.088873945,0.028939672
development-1919,0.06006313,0.9137596,0.026177334
development-1920,0.19278848,0.7855032,0.021708293
development-1921,0.5715159,0.28052253,0.14796162
development-1922,0.43680203,0.4944139,0.06878407
development-1923,0.29383013,0.6199085,0.08626143
development-1924,0.27744707,0.46081772,0.2617352
development-1925,0.112153225,0.78301954,0.10482722
development-1926,0.47120574,0.15328275,0.3755115
development-1927,0.12972651,0.8035871,0.066686414
development-1928,0.5470321,0.43628508,0.016682848
development-1929,0.06802909,0.8628538,0.069117166
development-1930,0.90432364,0.069957465,0.025718952
development-1931,0.90054613,0.0731523,0.026301643
development-1932,0.22692949,0.7470073,0.026063208
development-1933,0.41688424,0.56539494,0.017720833
development-1934,0.38927656,0.5928604,0.017863078
development-1935,0.7429233,0.20581928,0.051257405
development-1936,0.04929951,0.31687102,0.63382953
development-1937,0.2591985,0.5030832,0.23771834
development-1938,0.11562018,0.5709261,0.31345373
development-1939,0.0648907,0.9065444,0.028564844
development-1940,0.5651726,0.41557574,0.019251611
development-1941,0.24679855,0.72608054,0.027120885
development-1942,0.13647854,0.85547465,0.0080468925
development-1943,0.26348367,0.7029467,0.033569574
development-1944,0.38899046,0.5012807,0.10972884
development-1945,0.8849088,0.09482913,0.020262042
development-1946,0.33967832,0.46939874,0.19092289
development-1947,0.20086394,0.69283366,0.10630247
development-1948,0.025012642,0.87827826,0.096709035
development-1949,0.2235841,0.5778683,0.19854765
development-1950,0.2637516,0.23819605,0.49805236
development-1951,0.34193894,0.59753263,0.060528412
development-1952,0.5934771,0.25999552,0.1465274
development-1953,0.33366105,0.63644797,0.029891012
development-1954,0.33080298,0.4360004,0.23319659
development-1955,0.23950514,0.68197453,0.07852031
development-1956,0.12103769,0.79770005,0.08126226
development-1957,0.40233257,0.5732319,0.02443558
development-1958,0.56459683,0.37345812,0.06194505
development-1959,0.1816591,0.70495534,0.11338565
development-1960,0.02558957,0.9458459,0.028564537
development-1961,0.6569614,0.2417952,0.101243414
development-1962,0.5401429,0.31602734,0.14382978
development-1963,0.32156757,0.66536176,0.0130706895
development-1964,0.05118522,0.90480226,0.044012472
development-1965,0.2881657,0.426105,0.28572926
development-1966,0.23362231,0.730663,0.035714675
development-1967,0.83996034,0.12963402,0.030405734
development-1968,0.813202,0.15290937,0.033888586
development-1969,0.92362714,0.052839488,0.023533348
development-1970,0.9248591,0.041136015,0.03400484
development-1971,0.45364642,0.5177687,0.028584816
development-1972,0.9239991,0.0604526,0.015548308
development-1973,0.57860523,0.31406882,0.10732593
development-1974,0.06617845,0.890991,0.0428305
development-1975,0.17122477,0.7482543,0.08052092
development-1976,0.67739433,0.29156935,0.031036317
development-1977,0.38621235,0.55781794,0.055969656
development-1978,0.6405797,0.30590552,0.053514738
development-1979,0.8229246,0.15015857,0.026916845
development-1980,0.806709,0.15418111,0.039109897
development-1981,0.94801176,0.016621677,0.035366636
development-1982,0.2068157,0.68820757,0.10497678
development-1983,0.54880893,0.34552515,0.10566595
development-1984,0.09277073,0.20480897,0.7024203
development-1985,0.6183539,0.32562357,0.05602242
development-1986,0.6332397,0.07339953,0.29336077
development-1987,0.061432935,0.9243141,0.014252983
development-1988,0.8705469,0.10521392,0.024239164
development-1989,0.47556385,0.36260468,0.16183142
development-1990,0.69213086,0.26303327,0.04483588
development-1991,0.3018597,0.4417311,0.25640917
development-1992,0.075543374,0.86096776,0.06348882
development-1993,0.5201325,0.4649749,0.0148926
development-1994,0.023251832,0.9078812,0.06886697
development-1995,0.15283787,0.4202537,0.42690837
development-1996,0.28995976,0.65175164,0.058288656
development-1997,0.35986397,0.60050076,0.039635234
development-1998,0.33989862,0.5313571,0.12874429
development-1999,0.5116856,0.18661605,0.3016983
development-2000,0.28539413,0.3474457,0.3671602
